# INSERT CAR_BRAND
INSERT INTO carservice.car_brand (ID, BRAND_NAME) VALUES (1, 'Acura');
INSERT INTO carservice.car_brand (ID, BRAND_NAME) VALUES (2, 'Alfa Romeo');
INSERT INTO carservice.car_brand (ID, BRAND_NAME) VALUES (3, 'Aptera');
INSERT INTO carservice.car_brand (ID, BRAND_NAME) VALUES (4, 'Aston Martin');
INSERT INTO carservice.car_brand (ID, BRAND_NAME) VALUES (5, 'Audi');
INSERT INTO carservice.car_brand (ID, BRAND_NAME) VALUES (6, 'Austin');
INSERT INTO carservice.car_brand (ID, BRAND_NAME) VALUES (7, 'Bentley');
INSERT INTO carservice.car_brand (ID, BRAND_NAME) VALUES (8, 'BMW');
INSERT INTO carservice.car_brand (ID, BRAND_NAME) VALUES (14, 'Bugatti');
INSERT INTO carservice.car_brand (ID, BRAND_NAME) VALUES (15, 'Buick');
INSERT INTO carservice.car_brand (ID, BRAND_NAME) VALUES (16, 'Cadillac');
INSERT INTO carservice.car_brand (ID, BRAND_NAME) VALUES (17, 'Chevrolet');
INSERT INTO carservice.car_brand (ID, BRAND_NAME) VALUES (18, 'Chrysler');
INSERT INTO carservice.car_brand (ID, BRAND_NAME) VALUES (19, 'Chrysler Group LLC');
INSERT INTO carservice.car_brand (ID, BRAND_NAME) VALUES (20, 'Citroën');
INSERT INTO carservice.car_brand (ID, BRAND_NAME) VALUES (21, 'Corbin');
INSERT INTO carservice.car_brand (ID, BRAND_NAME) VALUES (22, 'Daewoo');
INSERT INTO carservice.car_brand (ID, BRAND_NAME) VALUES (23, 'Daihatsu');
INSERT INTO carservice.car_brand (ID, BRAND_NAME) VALUES (24, 'Defender');
INSERT INTO carservice.car_brand (ID, BRAND_NAME) VALUES (25, 'Dodge');
INSERT INTO carservice.car_brand (ID, BRAND_NAME) VALUES (26, 'Eagle');
INSERT INTO carservice.car_brand (ID, BRAND_NAME) VALUES (27, 'Fairthorpe');
INSERT INTO carservice.car_brand (ID, BRAND_NAME) VALUES (28, 'Ferrari');
INSERT INTO carservice.car_brand (ID, BRAND_NAME) VALUES (29, 'FIAT');
INSERT INTO carservice.car_brand (ID, BRAND_NAME) VALUES (30, 'Fillmore');
INSERT INTO carservice.car_brand (ID, BRAND_NAME) VALUES (31, 'Foose');
INSERT INTO carservice.car_brand (ID, BRAND_NAME) VALUES (32, 'Ford');
INSERT INTO carservice.car_brand (ID, BRAND_NAME) VALUES (33, 'Ford Motor Company');
INSERT INTO carservice.car_brand (ID, BRAND_NAME) VALUES (34, 'Geo');
INSERT INTO carservice.car_brand (ID, BRAND_NAME) VALUES (35, 'GMC');
INSERT INTO carservice.car_brand (ID, BRAND_NAME) VALUES (36, 'Hillman');
INSERT INTO carservice.car_brand (ID, BRAND_NAME) VALUES (37, 'Holden');
INSERT INTO carservice.car_brand (ID, BRAND_NAME) VALUES (38, 'Honda');
INSERT INTO carservice.car_brand (ID, BRAND_NAME) VALUES (39, 'HUMMER');
INSERT INTO carservice.car_brand (ID, BRAND_NAME) VALUES (40, 'Hyundai');
INSERT INTO carservice.car_brand (ID, BRAND_NAME) VALUES (41, 'Infiniti');
INSERT INTO carservice.car_brand (ID, BRAND_NAME) VALUES (42, 'Isuzu');
INSERT INTO carservice.car_brand (ID, BRAND_NAME) VALUES (43, 'Jaguar');
INSERT INTO carservice.car_brand (ID, BRAND_NAME) VALUES (44, 'Jeep');
INSERT INTO carservice.car_brand (ID, BRAND_NAME) VALUES (45, 'Jensen');
INSERT INTO carservice.car_brand (ID, BRAND_NAME) VALUES (46, 'Kia');
INSERT INTO carservice.car_brand (ID, BRAND_NAME) VALUES (47, 'Lamborghini');
INSERT INTO carservice.car_brand (ID, BRAND_NAME) VALUES (48, 'Lamborghini,Coupé');
INSERT INTO carservice.car_brand (ID, BRAND_NAME) VALUES (49, 'Land Rover');
INSERT INTO carservice.car_brand (ID, BRAND_NAME) VALUES (50, 'Lexus');
INSERT INTO carservice.car_brand (ID, BRAND_NAME) VALUES (51, 'Lincoln');
INSERT INTO carservice.car_brand (ID, BRAND_NAME) VALUES (52, 'Lotus');
INSERT INTO carservice.car_brand (ID, BRAND_NAME) VALUES (53, 'Lotus Cars');
INSERT INTO carservice.car_brand (ID, BRAND_NAME) VALUES (54, 'Maserati');
INSERT INTO carservice.car_brand (ID, BRAND_NAME) VALUES (55, 'Maybach');
INSERT INTO carservice.car_brand (ID, BRAND_NAME) VALUES (56, 'Mazda');
INSERT INTO carservice.car_brand (ID, BRAND_NAME) VALUES (57, 'Mazda,Mazda MX-6');
INSERT INTO carservice.car_brand (ID, BRAND_NAME) VALUES (58, 'McLaren');
INSERT INTO carservice.car_brand (ID, BRAND_NAME) VALUES (59, 'Mercedes-Benz');
INSERT INTO carservice.car_brand (ID, BRAND_NAME) VALUES (60, 'Mercury');
INSERT INTO carservice.car_brand (ID, BRAND_NAME) VALUES (61, 'Merkur');
INSERT INTO carservice.car_brand (ID, BRAND_NAME) VALUES (62, 'MG');
INSERT INTO carservice.car_brand (ID, BRAND_NAME) VALUES (63, 'MINI');
INSERT INTO carservice.car_brand (ID, BRAND_NAME) VALUES (64, 'Mitsubishi');
INSERT INTO carservice.car_brand (ID, BRAND_NAME) VALUES (65, 'Mitsubishi Motors');
INSERT INTO carservice.car_brand (ID, BRAND_NAME) VALUES (66, 'Mitsubishi,Mitsubishi');
INSERT INTO carservice.car_brand (ID, BRAND_NAME) VALUES (67, 'Morgan');
INSERT INTO carservice.car_brand (ID, BRAND_NAME) VALUES (68, 'Nissan');
INSERT INTO carservice.car_brand (ID, BRAND_NAME) VALUES (69, 'Oldsmobile');
INSERT INTO carservice.car_brand (ID, BRAND_NAME) VALUES (70, 'Panoz');
INSERT INTO carservice.car_brand (ID, BRAND_NAME) VALUES (71, 'Peugeot');
INSERT INTO carservice.car_brand (ID, BRAND_NAME) VALUES (72, 'Plymouth');
INSERT INTO carservice.car_brand (ID, BRAND_NAME) VALUES (73, 'Pontiac');
INSERT INTO carservice.car_brand (ID, BRAND_NAME) VALUES (74, 'Porsche');
INSERT INTO carservice.car_brand (ID, BRAND_NAME) VALUES (75, 'Porsche,Mitsubishi');
INSERT INTO carservice.car_brand (ID, BRAND_NAME) VALUES (76, 'Ram');
INSERT INTO carservice.car_brand (ID, BRAND_NAME) VALUES (77, 'Rambler');
INSERT INTO carservice.car_brand (ID, BRAND_NAME) VALUES (78, 'Renault');
INSERT INTO carservice.car_brand (ID, BRAND_NAME) VALUES (79, 'Rolls-Royce');
INSERT INTO carservice.car_brand (ID, BRAND_NAME) VALUES (80, 'Saab');
INSERT INTO carservice.car_brand (ID, BRAND_NAME) VALUES (81, 'Saturn');
INSERT INTO carservice.car_brand (ID, BRAND_NAME) VALUES (82, 'Scion');
INSERT INTO carservice.car_brand (ID, BRAND_NAME) VALUES (83, 'Shelby');
INSERT INTO carservice.car_brand (ID, BRAND_NAME) VALUES (84, 'Smart');
INSERT INTO carservice.car_brand (ID, BRAND_NAME) VALUES (85, 'Spyker');
INSERT INTO carservice.car_brand (ID, BRAND_NAME) VALUES (86, 'Spyker Cars');
INSERT INTO carservice.car_brand (ID, BRAND_NAME) VALUES (87, 'Studebaker');
INSERT INTO carservice.car_brand (ID, BRAND_NAME) VALUES (88, 'Subaru');
INSERT INTO carservice.car_brand (ID, BRAND_NAME) VALUES (89, 'Suzuki');
INSERT INTO carservice.car_brand (ID, BRAND_NAME) VALUES (90, 'Suzuki Motor Corporation');
INSERT INTO carservice.car_brand (ID, BRAND_NAME) VALUES (91, 'Tesla');
INSERT INTO carservice.car_brand (ID, BRAND_NAME) VALUES (92, 'Toyota');
INSERT INTO carservice.car_brand (ID, BRAND_NAME) VALUES (93, 'Volkswagen');
INSERT INTO carservice.car_brand (ID, BRAND_NAME) VALUES (94, 'Volvo');
# INSERT CAR_MODEL
INSERT INTO carservice.car_model (ID, MODEL_NAME, brand_ID) VALUES (3, '1 Series', 8);
INSERT INTO carservice.car_model (ID, MODEL_NAME, brand_ID) VALUES (4, '100', 5);
INSERT INTO carservice.car_model (ID, MODEL_NAME, brand_ID) VALUES (5, '1000', 73);
INSERT INTO carservice.car_model (ID, MODEL_NAME, brand_ID) VALUES (6, '1500', 17);
INSERT INTO carservice.car_model (ID, MODEL_NAME, brand_ID) VALUES (7, '1500 Club Coupe', 35);
INSERT INTO carservice.car_model (ID, MODEL_NAME, brand_ID) VALUES (8, '164', 2);
INSERT INTO carservice.car_model (ID, MODEL_NAME, brand_ID) VALUES (9, '190E', 59);
INSERT INTO carservice.car_model (ID, MODEL_NAME, brand_ID) VALUES (10, '200', 5);
INSERT INTO carservice.car_model (ID, MODEL_NAME, brand_ID) VALUES (11, '200SX', 68);
INSERT INTO carservice.car_model (ID, MODEL_NAME, brand_ID) VALUES (12, '207', 71);
INSERT INTO carservice.car_model (ID, MODEL_NAME, brand_ID) VALUES (13, '228', 54);
INSERT INTO carservice.car_model (ID, MODEL_NAME, brand_ID) VALUES (14, '240', 94);
INSERT INTO carservice.car_model (ID, MODEL_NAME, brand_ID) VALUES (15, '240SX', 68);
INSERT INTO carservice.car_model (ID, MODEL_NAME, brand_ID) VALUES (16, '2500', 17);
INSERT INTO carservice.car_model (ID, MODEL_NAME, brand_ID) VALUES (17, '2500 Club Coupe', 35);
INSERT INTO carservice.car_model (ID, MODEL_NAME, brand_ID) VALUES (18, '280ZX', 68);
INSERT INTO carservice.car_model (ID, MODEL_NAME, brand_ID) VALUES (19, '2CV', 20);
INSERT INTO carservice.car_model (ID, MODEL_NAME, brand_ID) VALUES (20, '2e', 3);
INSERT INTO carservice.car_model (ID, MODEL_NAME, brand_ID) VALUES (21, '3 Series', 8);
INSERT INTO carservice.car_model (ID, MODEL_NAME, brand_ID) VALUES (22, '300', 18);
INSERT INTO carservice.car_model (ID, MODEL_NAME, brand_ID) VALUES (23, '3000GT', 64);
INSERT INTO carservice.car_model (ID, MODEL_NAME, brand_ID) VALUES (24, '300C', 18);
INSERT INTO carservice.car_model (ID, MODEL_NAME, brand_ID) VALUES (25, '300CE', 59);
INSERT INTO carservice.car_model (ID, MODEL_NAME, brand_ID) VALUES (26, '300D', 59);
INSERT INTO carservice.car_model (ID, MODEL_NAME, brand_ID) VALUES (27, '300E', 59);
INSERT INTO carservice.car_model (ID, MODEL_NAME, brand_ID) VALUES (28, '300M', 18);
INSERT INTO carservice.car_model (ID, MODEL_NAME, brand_ID) VALUES (29, '300SD', 59);
INSERT INTO carservice.car_model (ID, MODEL_NAME, brand_ID) VALUES (30, '300SE', 59);
INSERT INTO carservice.car_model (ID, MODEL_NAME, brand_ID) VALUES (31, '300SL', 59);
INSERT INTO carservice.car_model (ID, MODEL_NAME, brand_ID) VALUES (32, '300TE', 59);
INSERT INTO carservice.car_model (ID, MODEL_NAME, brand_ID) VALUES (33, '300ZX', 68);
INSERT INTO carservice.car_model (ID, MODEL_NAME, brand_ID) VALUES (34, '323', 56);
INSERT INTO carservice.car_model (ID, MODEL_NAME, brand_ID) VALUES (35, '325', 8);
INSERT INTO carservice.car_model (ID, MODEL_NAME, brand_ID) VALUES (36, '330', 8);
INSERT INTO carservice.car_model (ID, MODEL_NAME, brand_ID) VALUES (37, '3500', 17);
INSERT INTO carservice.car_model (ID, MODEL_NAME, brand_ID) VALUES (38, '3500 Club Coupe', 35);
INSERT INTO carservice.car_model (ID, MODEL_NAME, brand_ID) VALUES (39, '350Z', 68);
INSERT INTO carservice.car_model (ID, MODEL_NAME, brand_ID) VALUES (40, '350Z Roadster', 68);
INSERT INTO carservice.car_model (ID, MODEL_NAME, brand_ID) VALUES (41, '370Z', 68);
INSERT INTO carservice.car_model (ID, MODEL_NAME, brand_ID) VALUES (42, '4000', 5);
INSERT INTO carservice.car_model (ID, MODEL_NAME, brand_ID) VALUES (43, '4000CS Quattro', 5);
INSERT INTO carservice.car_model (ID, MODEL_NAME, brand_ID) VALUES (44, '4000s', 5);
INSERT INTO carservice.car_model (ID, MODEL_NAME, brand_ID) VALUES (45, '4000s Quattro', 5);
INSERT INTO carservice.car_model (ID, MODEL_NAME, brand_ID) VALUES (46, '400E', 59);
INSERT INTO carservice.car_model (ID, MODEL_NAME, brand_ID) VALUES (47, '400SE', 59);
INSERT INTO carservice.car_model (ID, MODEL_NAME, brand_ID) VALUES (48, '400SEL', 59);
INSERT INTO carservice.car_model (ID, MODEL_NAME, brand_ID) VALUES (49, '430', 54);
INSERT INTO carservice.car_model (ID, MODEL_NAME, brand_ID) VALUES (50, '430 Scuderia', 28);
INSERT INTO carservice.car_model (ID, MODEL_NAME, brand_ID) VALUES (51, '458 Italia', 28);
INSERT INTO carservice.car_model (ID, MODEL_NAME, brand_ID) VALUES (52, '4Runner', 92);
INSERT INTO carservice.car_model (ID, MODEL_NAME, brand_ID) VALUES (53, '5 Series', 8);
INSERT INTO carservice.car_model (ID, MODEL_NAME, brand_ID) VALUES (54, '500', 29);
INSERT INTO carservice.car_model (ID, MODEL_NAME, brand_ID) VALUES (55, '5000CS', 5);
INSERT INTO carservice.car_model (ID, MODEL_NAME, brand_ID) VALUES (56, '5000CS Quattro', 5);
INSERT INTO carservice.car_model (ID, MODEL_NAME, brand_ID) VALUES (57, '5000S', 5);
INSERT INTO carservice.car_model (ID, MODEL_NAME, brand_ID) VALUES (58, '500E', 59);
INSERT INTO carservice.car_model (ID, MODEL_NAME, brand_ID) VALUES (59, '500SEC', 59);
INSERT INTO carservice.car_model (ID, MODEL_NAME, brand_ID) VALUES (60, '500SEL', 59);
INSERT INTO carservice.car_model (ID, MODEL_NAME, brand_ID) VALUES (61, '500SL', 59);
INSERT INTO carservice.car_model (ID, MODEL_NAME, brand_ID) VALUES (62, '525', 8);
INSERT INTO carservice.car_model (ID, MODEL_NAME, brand_ID) VALUES (63, '530', 8);
INSERT INTO carservice.car_model (ID, MODEL_NAME, brand_ID) VALUES (64, '545', 8);
INSERT INTO carservice.car_model (ID, MODEL_NAME, brand_ID) VALUES (65, '550', 8);
INSERT INTO carservice.car_model (ID, MODEL_NAME, brand_ID) VALUES (66, '57', 55);
INSERT INTO carservice.car_model (ID, MODEL_NAME, brand_ID) VALUES (67, '57S', 55);
INSERT INTO carservice.car_model (ID, MODEL_NAME, brand_ID) VALUES (68, '599 GTB Fiorano', 28);
INSERT INTO carservice.car_model (ID, MODEL_NAME, brand_ID) VALUES (69, '6 Series', 8);
INSERT INTO carservice.car_model (ID, MODEL_NAME, brand_ID) VALUES (70, '600', 8);
INSERT INTO carservice.car_model (ID, MODEL_NAME, brand_ID) VALUES (71, '6000', 73);
INSERT INTO carservice.car_model (ID, MODEL_NAME, brand_ID) VALUES (72, '600SEC', 59);
INSERT INTO carservice.car_model (ID, MODEL_NAME, brand_ID) VALUES (73, '600SEL', 59);
INSERT INTO carservice.car_model (ID, MODEL_NAME, brand_ID) VALUES (74, '600SL', 59);
INSERT INTO carservice.car_model (ID, MODEL_NAME, brand_ID) VALUES (75, '612 Scaglietti', 28);
INSERT INTO carservice.car_model (ID, MODEL_NAME, brand_ID) VALUES (76, '62', 55);
INSERT INTO carservice.car_model (ID, MODEL_NAME, brand_ID) VALUES (77, '626', 56);
INSERT INTO carservice.car_model (ID, MODEL_NAME, brand_ID) VALUES (78, '645', 8);
INSERT INTO carservice.car_model (ID, MODEL_NAME, brand_ID) VALUES (79, '650', 8);
INSERT INTO carservice.car_model (ID, MODEL_NAME, brand_ID) VALUES (80, '7 Series', 8);
INSERT INTO carservice.car_model (ID, MODEL_NAME, brand_ID) VALUES (81, '740', 94);
INSERT INTO carservice.car_model (ID, MODEL_NAME, brand_ID) VALUES (82, '745', 8);
INSERT INTO carservice.car_model (ID, MODEL_NAME, brand_ID) VALUES (83, '750', 8);
INSERT INTO carservice.car_model (ID, MODEL_NAME, brand_ID) VALUES (84, '760', 8);
INSERT INTO carservice.car_model (ID, MODEL_NAME, brand_ID) VALUES (85, '8 Series', 8);
INSERT INTO carservice.car_model (ID, MODEL_NAME, brand_ID) VALUES (86, '80', 5);
INSERT INTO carservice.car_model (ID, MODEL_NAME, brand_ID) VALUES (87, '80/90', 5);
INSERT INTO carservice.car_model (ID, MODEL_NAME, brand_ID) VALUES (88, '850', 94);
INSERT INTO carservice.car_model (ID, MODEL_NAME, brand_ID) VALUES (89, '88', 69);
INSERT INTO carservice.car_model (ID, MODEL_NAME, brand_ID) VALUES (90, '9-2X', 80);
INSERT INTO carservice.car_model (ID, MODEL_NAME, brand_ID) VALUES (91, '9-3', 80);
INSERT INTO carservice.car_model (ID, MODEL_NAME, brand_ID) VALUES (92, '9-4X', 80);
INSERT INTO carservice.car_model (ID, MODEL_NAME, brand_ID) VALUES (93, '9-5', 80);
INSERT INTO carservice.car_model (ID, MODEL_NAME, brand_ID) VALUES (94, '9-7X', 80);
INSERT INTO carservice.car_model (ID, MODEL_NAME, brand_ID) VALUES (95, '90', 5);
INSERT INTO carservice.car_model (ID, MODEL_NAME, brand_ID) VALUES (96, '900', 80);
INSERT INTO carservice.car_model (ID, MODEL_NAME, brand_ID) VALUES (97, '9000', 80);
INSERT INTO carservice.car_model (ID, MODEL_NAME, brand_ID) VALUES (98, '911', 74);
INSERT INTO carservice.car_model (ID, MODEL_NAME, brand_ID) VALUES (99, '914', 74);
INSERT INTO carservice.car_model (ID, MODEL_NAME, brand_ID) VALUES (100, '924', 74);
INSERT INTO carservice.car_model (ID, MODEL_NAME, brand_ID) VALUES (101, '924 S', 74);
INSERT INTO carservice.car_model (ID, MODEL_NAME, brand_ID) VALUES (102, '928', 74);
INSERT INTO carservice.car_model (ID, MODEL_NAME, brand_ID) VALUES (103, '929', 56);
INSERT INTO carservice.car_model (ID, MODEL_NAME, brand_ID) VALUES (104, '940', 94);
INSERT INTO carservice.car_model (ID, MODEL_NAME, brand_ID) VALUES (105, '944', 74);
INSERT INTO carservice.car_model (ID, MODEL_NAME, brand_ID) VALUES (106, '960', 94);
INSERT INTO carservice.car_model (ID, MODEL_NAME, brand_ID) VALUES (107, '968', 74);
INSERT INTO carservice.car_model (ID, MODEL_NAME, brand_ID) VALUES (108, '98', 69);
INSERT INTO carservice.car_model (ID, MODEL_NAME, brand_ID) VALUES (109, 'A3', 5);
INSERT INTO carservice.car_model (ID, MODEL_NAME, brand_ID) VALUES (110, 'A4', 5);
INSERT INTO carservice.car_model (ID, MODEL_NAME, brand_ID) VALUES (111, 'A5', 5);
INSERT INTO carservice.car_model (ID, MODEL_NAME, brand_ID) VALUES (112, 'A6', 5);
INSERT INTO carservice.car_model (ID, MODEL_NAME, brand_ID) VALUES (113, 'A7', 5);
INSERT INTO carservice.car_model (ID, MODEL_NAME, brand_ID) VALUES (114, 'A8', 5);
INSERT INTO carservice.car_model (ID, MODEL_NAME, brand_ID) VALUES (115, 'Acadia', 35);
INSERT INTO carservice.car_model (ID, MODEL_NAME, brand_ID) VALUES (116, 'Accent', 40);
INSERT INTO carservice.car_model (ID, MODEL_NAME, brand_ID) VALUES (117, 'Acclaim', 72);
INSERT INTO carservice.car_model (ID, MODEL_NAME, brand_ID) VALUES (118, 'Accord', 38);
INSERT INTO carservice.car_model (ID, MODEL_NAME, brand_ID) VALUES (119, 'Accord Crosstour', 38);
INSERT INTO carservice.car_model (ID, MODEL_NAME, brand_ID) VALUES (120, 'Achieva', 69);
INSERT INTO carservice.car_model (ID, MODEL_NAME, brand_ID) VALUES (121, 'Aerio', 89);
INSERT INTO carservice.car_model (ID, MODEL_NAME, brand_ID) VALUES (122, 'Aero 8', 67);
INSERT INTO carservice.car_model (ID, MODEL_NAME, brand_ID) VALUES (123, 'Aerostar', 32);
INSERT INTO carservice.car_model (ID, MODEL_NAME, brand_ID) VALUES (124, 'Alcyone SVX', 88);
INSERT INTO carservice.car_model (ID, MODEL_NAME, brand_ID) VALUES (125, 'Alero', 69);
INSERT INTO carservice.car_model (ID, MODEL_NAME, brand_ID) VALUES (126, 'Allante', 16);
INSERT INTO carservice.car_model (ID, MODEL_NAME, brand_ID) VALUES (127, 'Alliance', 78);
INSERT INTO carservice.car_model (ID, MODEL_NAME, brand_ID) VALUES (128, 'Allroad', 5);
INSERT INTO carservice.car_model (ID, MODEL_NAME, brand_ID) VALUES (129, 'Alpina B7', 8);
INSERT INTO carservice.car_model (ID, MODEL_NAME, brand_ID) VALUES (130, 'Altima', 68);
INSERT INTO carservice.car_model (ID, MODEL_NAME, brand_ID) VALUES (131, 'Amanti', 46);
INSERT INTO carservice.car_model (ID, MODEL_NAME, brand_ID) VALUES (132, 'Amigo', 42);
INSERT INTO carservice.car_model (ID, MODEL_NAME, brand_ID) VALUES (133, 'APV', 17);
INSERT INTO carservice.car_model (ID, MODEL_NAME, brand_ID) VALUES (134, 'Aries', 25);
INSERT INTO carservice.car_model (ID, MODEL_NAME, brand_ID) VALUES (135, 'Armada', 68);
INSERT INTO carservice.car_model (ID, MODEL_NAME, brand_ID) VALUES (136, 'Arnage', 7);
INSERT INTO carservice.car_model (ID, MODEL_NAME, brand_ID) VALUES (137, 'Ascender', 42);
INSERT INTO carservice.car_model (ID, MODEL_NAME, brand_ID) VALUES (138, 'Aspen', 18);
INSERT INTO carservice.car_model (ID, MODEL_NAME, brand_ID) VALUES (139, 'Aspire', 32);
INSERT INTO carservice.car_model (ID, MODEL_NAME, brand_ID) VALUES (140, 'Astra', 81);
INSERT INTO carservice.car_model (ID, MODEL_NAME, brand_ID) VALUES (141, 'Astro', 17);
INSERT INTO carservice.car_model (ID, MODEL_NAME, brand_ID) VALUES (142, 'Aura', 81);
INSERT INTO carservice.car_model (ID, MODEL_NAME, brand_ID) VALUES (143, 'Aurora', 69);
INSERT INTO carservice.car_model (ID, MODEL_NAME, brand_ID) VALUES (144, 'Avalanche', 17);
INSERT INTO carservice.car_model (ID, MODEL_NAME, brand_ID) VALUES (145, 'Avalanche 1500', 17);
INSERT INTO carservice.car_model (ID, MODEL_NAME, brand_ID) VALUES (146, 'Avalanche 2500', 17);
INSERT INTO carservice.car_model (ID, MODEL_NAME, brand_ID) VALUES (147, 'Avalon', 92);
INSERT INTO carservice.car_model (ID, MODEL_NAME, brand_ID) VALUES (148, 'Avanti', 87);
INSERT INTO carservice.car_model (ID, MODEL_NAME, brand_ID) VALUES (149, 'Avenger', 25);
INSERT INTO carservice.car_model (ID, MODEL_NAME, brand_ID) VALUES (150, 'Aventador', 47);
INSERT INTO carservice.car_model (ID, MODEL_NAME, brand_ID) VALUES (151, 'Aveo', 17);
INSERT INTO carservice.car_model (ID, MODEL_NAME, brand_ID) VALUES (152, 'Aviator', 51);
INSERT INTO carservice.car_model (ID, MODEL_NAME, brand_ID) VALUES (153, 'Axiom', 42);
INSERT INTO carservice.car_model (ID, MODEL_NAME, brand_ID) VALUES (154, 'Azera', 40);
INSERT INTO carservice.car_model (ID, MODEL_NAME, brand_ID) VALUES (155, 'Aztek', 73);
INSERT INTO carservice.car_model (ID, MODEL_NAME, brand_ID) VALUES (156, 'Azure', 7);
INSERT INTO carservice.car_model (ID, MODEL_NAME, brand_ID) VALUES (157, 'Azure T', 7);
INSERT INTO carservice.car_model (ID, MODEL_NAME, brand_ID) VALUES (158, 'B-Series', 56);
INSERT INTO carservice.car_model (ID, MODEL_NAME, brand_ID) VALUES (159, 'B-Series Plus', 56);
INSERT INTO carservice.car_model (ID, MODEL_NAME, brand_ID) VALUES (160, 'B2000', 56);
INSERT INTO carservice.car_model (ID, MODEL_NAME, brand_ID) VALUES (161, 'B2500', 56);
INSERT INTO carservice.car_model (ID, MODEL_NAME, brand_ID) VALUES (162, 'B2600', 56);
INSERT INTO carservice.car_model (ID, MODEL_NAME, brand_ID) VALUES (163, 'B9 Tribeca', 88);
INSERT INTO carservice.car_model (ID, MODEL_NAME, brand_ID) VALUES (164, 'Baja', 88);
INSERT INTO carservice.car_model (ID, MODEL_NAME, brand_ID) VALUES (165, 'Beetle', 93);
INSERT INTO carservice.car_model (ID, MODEL_NAME, brand_ID) VALUES (166, 'Bel Air', 17);
INSERT INTO carservice.car_model (ID, MODEL_NAME, brand_ID) VALUES (167, 'Beretta', 17);
INSERT INTO carservice.car_model (ID, MODEL_NAME, brand_ID) VALUES (168, 'Biturbo', 54);
INSERT INTO carservice.car_model (ID, MODEL_NAME, brand_ID) VALUES (169, 'Blackwood', 51);
INSERT INTO carservice.car_model (ID, MODEL_NAME, brand_ID) VALUES (170, 'Blazer', 17);
INSERT INTO carservice.car_model (ID, MODEL_NAME, brand_ID) VALUES (171, 'Bonneville', 73);
INSERT INTO carservice.car_model (ID, MODEL_NAME, brand_ID) VALUES (172, 'Borrego', 46);
INSERT INTO carservice.car_model (ID, MODEL_NAME, brand_ID) VALUES (173, 'Boxster', 74);
INSERT INTO carservice.car_model (ID, MODEL_NAME, brand_ID) VALUES (174, 'Brat', 88);
INSERT INTO carservice.car_model (ID, MODEL_NAME, brand_ID) VALUES (175, 'Bravada', 69);
INSERT INTO carservice.car_model (ID, MODEL_NAME, brand_ID) VALUES (176, 'Breeze', 72);
INSERT INTO carservice.car_model (ID, MODEL_NAME, brand_ID) VALUES (177, 'Bronco', 32);
INSERT INTO carservice.car_model (ID, MODEL_NAME, brand_ID) VALUES (178, 'Bronco II', 32);
INSERT INTO carservice.car_model (ID, MODEL_NAME, brand_ID) VALUES (179, 'Brooklands', 7);
INSERT INTO carservice.car_model (ID, MODEL_NAME, brand_ID) VALUES (180, 'Brougham', 16);
INSERT INTO carservice.car_model (ID, MODEL_NAME, brand_ID) VALUES (181, 'BRZ', 88);
INSERT INTO carservice.car_model (ID, MODEL_NAME, brand_ID) VALUES (182, 'C-Class', 59);
INSERT INTO carservice.car_model (ID, MODEL_NAME, brand_ID) VALUES (183, 'C-MAX Hybrid', 32);
INSERT INTO carservice.car_model (ID, MODEL_NAME, brand_ID) VALUES (184, 'C/V', 76);
INSERT INTO carservice.car_model (ID, MODEL_NAME, brand_ID) VALUES (185, 'C30', 94);
INSERT INTO carservice.car_model (ID, MODEL_NAME, brand_ID) VALUES (186, 'C70', 94);
INSERT INTO carservice.car_model (ID, MODEL_NAME, brand_ID) VALUES (187, 'C8', 86);
INSERT INTO carservice.car_model (ID, MODEL_NAME, brand_ID) VALUES (188, 'C8 Double 12 S', 85);
INSERT INTO carservice.car_model (ID, MODEL_NAME, brand_ID) VALUES (189, 'C8 Laviolette', 85);
INSERT INTO carservice.car_model (ID, MODEL_NAME, brand_ID) VALUES (190, 'C8 Spyder', 85);
INSERT INTO carservice.car_model (ID, MODEL_NAME, brand_ID) VALUES (191, 'C8 Spyder Wide Body', 85);
INSERT INTO carservice.car_model (ID, MODEL_NAME, brand_ID) VALUES (192, 'Cabriolet', 5);
INSERT INTO carservice.car_model (ID, MODEL_NAME, brand_ID) VALUES (193, 'Caliber', 25);
INSERT INTO carservice.car_model (ID, MODEL_NAME, brand_ID) VALUES (194, 'California', 28);
INSERT INTO carservice.car_model (ID, MODEL_NAME, brand_ID) VALUES (195, 'Camaro', 17);
INSERT INTO carservice.car_model (ID, MODEL_NAME, brand_ID) VALUES (196, 'Camry', 92);
INSERT INTO carservice.car_model (ID, MODEL_NAME, brand_ID) VALUES (197, 'Camry Hybrid', 92);
INSERT INTO carservice.car_model (ID, MODEL_NAME, brand_ID) VALUES (198, 'Camry Solara', 92);
INSERT INTO carservice.car_model (ID, MODEL_NAME, brand_ID) VALUES (199, 'Canyon', 35);
INSERT INTO carservice.car_model (ID, MODEL_NAME, brand_ID) VALUES (200, 'Capri', 60);
INSERT INTO carservice.car_model (ID, MODEL_NAME, brand_ID) VALUES (201, 'Caprice', 17);
INSERT INTO carservice.car_model (ID, MODEL_NAME, brand_ID) VALUES (202, 'Caprice Classic', 17);
INSERT INTO carservice.car_model (ID, MODEL_NAME, brand_ID) VALUES (203, 'Caravan', 25);
INSERT INTO carservice.car_model (ID, MODEL_NAME, brand_ID) VALUES (204, 'Carens', 46);
INSERT INTO carservice.car_model (ID, MODEL_NAME, brand_ID) VALUES (205, 'Carrera GT', 74);
INSERT INTO carservice.car_model (ID, MODEL_NAME, brand_ID) VALUES (206, 'Catera', 16);
INSERT INTO carservice.car_model (ID, MODEL_NAME, brand_ID) VALUES (207, 'Cavalier', 17);
INSERT INTO carservice.car_model (ID, MODEL_NAME, brand_ID) VALUES (208, 'Cayenne', 74);
INSERT INTO carservice.car_model (ID, MODEL_NAME, brand_ID) VALUES (209, 'Cayman', 74);
INSERT INTO carservice.car_model (ID, MODEL_NAME, brand_ID) VALUES (210, 'CC', 93);
INSERT INTO carservice.car_model (ID, MODEL_NAME, brand_ID) VALUES (211, 'Celica', 92);
INSERT INTO carservice.car_model (ID, MODEL_NAME, brand_ID) VALUES (212, 'Century', 15);
INSERT INTO carservice.car_model (ID, MODEL_NAME, brand_ID) VALUES (213, 'Challenger', 25);
INSERT INTO carservice.car_model (ID, MODEL_NAME, brand_ID) VALUES (214, 'Charade', 23);
INSERT INTO carservice.car_model (ID, MODEL_NAME, brand_ID) VALUES (215, 'Charger', 25);
INSERT INTO carservice.car_model (ID, MODEL_NAME, brand_ID) VALUES (216, 'Chariot', 64);
INSERT INTO carservice.car_model (ID, MODEL_NAME, brand_ID) VALUES (217, 'Cherokee', 44);
INSERT INTO carservice.car_model (ID, MODEL_NAME, brand_ID) VALUES (218, 'Chevette', 73);
INSERT INTO carservice.car_model (ID, MODEL_NAME, brand_ID) VALUES (219, 'Ciera', 69);
INSERT INTO carservice.car_model (ID, MODEL_NAME, brand_ID) VALUES (220, 'Cirrus', 18);
INSERT INTO carservice.car_model (ID, MODEL_NAME, brand_ID) VALUES (221, 'Citation', 17);
INSERT INTO carservice.car_model (ID, MODEL_NAME, brand_ID) VALUES (222, 'Civic', 38);
INSERT INTO carservice.car_model (ID, MODEL_NAME, brand_ID) VALUES (223, 'Civic GX', 38);
INSERT INTO carservice.car_model (ID, MODEL_NAME, brand_ID) VALUES (224, 'Civic Si', 38);
INSERT INTO carservice.car_model (ID, MODEL_NAME, brand_ID) VALUES (225, 'CL', 1);
INSERT INTO carservice.car_model (ID, MODEL_NAME, brand_ID) VALUES (226, 'CL-Class', 59);
INSERT INTO carservice.car_model (ID, MODEL_NAME, brand_ID) VALUES (227, 'CL65 AMG', 59);
INSERT INTO carservice.car_model (ID, MODEL_NAME, brand_ID) VALUES (228, 'Classic', 17);
INSERT INTO carservice.car_model (ID, MODEL_NAME, brand_ID) VALUES (229, 'CLK-Class', 59);
INSERT INTO carservice.car_model (ID, MODEL_NAME, brand_ID) VALUES (230, 'CLS-Class', 59);
INSERT INTO carservice.car_model (ID, MODEL_NAME, brand_ID) VALUES (231, 'Club Wagon', 32);
INSERT INTO carservice.car_model (ID, MODEL_NAME, brand_ID) VALUES (232, 'Clubman', 63);
INSERT INTO carservice.car_model (ID, MODEL_NAME, brand_ID) VALUES (233, 'Coachbuilder', 15);
INSERT INTO carservice.car_model (ID, MODEL_NAME, brand_ID) VALUES (234, 'Cobalt', 17);
INSERT INTO carservice.car_model (ID, MODEL_NAME, brand_ID) VALUES (235, 'Cobalt SS', 17);
INSERT INTO carservice.car_model (ID, MODEL_NAME, brand_ID) VALUES (236, 'Colorado', 17);
INSERT INTO carservice.car_model (ID, MODEL_NAME, brand_ID) VALUES (237, 'Colt', 25);
INSERT INTO carservice.car_model (ID, MODEL_NAME, brand_ID) VALUES (238, 'Colt Vista', 72);
INSERT INTO carservice.car_model (ID, MODEL_NAME, brand_ID) VALUES (239, 'Comanche', 44);
INSERT INTO carservice.car_model (ID, MODEL_NAME, brand_ID) VALUES (240, 'Commander', 44);
INSERT INTO carservice.car_model (ID, MODEL_NAME, brand_ID) VALUES (241, 'Compass', 44);
INSERT INTO carservice.car_model (ID, MODEL_NAME, brand_ID) VALUES (242, 'Concorde', 18);
INSERT INTO carservice.car_model (ID, MODEL_NAME, brand_ID) VALUES (243, 'Continental', 7);
INSERT INTO carservice.car_model (ID, MODEL_NAME, brand_ID) VALUES (244, 'Continental Flying Spur', 7);
INSERT INTO carservice.car_model (ID, MODEL_NAME, brand_ID) VALUES (245, 'Continental GT', 7);
INSERT INTO carservice.car_model (ID, MODEL_NAME, brand_ID) VALUES (246, 'Continental GTC', 7);
INSERT INTO carservice.car_model (ID, MODEL_NAME, brand_ID) VALUES (247, 'Continental Mark VII', 51);
INSERT INTO carservice.car_model (ID, MODEL_NAME, brand_ID) VALUES (248, 'Continental Super', 7);
INSERT INTO carservice.car_model (ID, MODEL_NAME, brand_ID) VALUES (249, 'Contour', 32);
INSERT INTO carservice.car_model (ID, MODEL_NAME, brand_ID) VALUES (250, 'Cooper', 63);
INSERT INTO carservice.car_model (ID, MODEL_NAME, brand_ID) VALUES (251, 'Cooper Clubman', 63);
INSERT INTO carservice.car_model (ID, MODEL_NAME, brand_ID) VALUES (252, 'Cooper Countryman', 63);
INSERT INTO carservice.car_model (ID, MODEL_NAME, brand_ID) VALUES (253, 'Cordia', 64);
INSERT INTO carservice.car_model (ID, MODEL_NAME, brand_ID) VALUES (254, 'Corolla', 92);
INSERT INTO carservice.car_model (ID, MODEL_NAME, brand_ID) VALUES (255, 'Corrado', 93);
INSERT INTO carservice.car_model (ID, MODEL_NAME, brand_ID) VALUES (256, 'Corsica', 17);
INSERT INTO carservice.car_model (ID, MODEL_NAME, brand_ID) VALUES (257, 'Corvair', 17);
INSERT INTO carservice.car_model (ID, MODEL_NAME, brand_ID) VALUES (258, 'Corvair 500', 17);
INSERT INTO carservice.car_model (ID, MODEL_NAME, brand_ID) VALUES (259, 'Corvette', 17);
INSERT INTO carservice.car_model (ID, MODEL_NAME, brand_ID) VALUES (260, 'Cougar', 60);
INSERT INTO carservice.car_model (ID, MODEL_NAME, brand_ID) VALUES (261, 'Countach', 47);
INSERT INTO carservice.car_model (ID, MODEL_NAME, brand_ID) VALUES (262, 'Country', 32);
INSERT INTO carservice.car_model (ID, MODEL_NAME, brand_ID) VALUES (263, 'Countryman', 63);
INSERT INTO carservice.car_model (ID, MODEL_NAME, brand_ID) VALUES (264, 'Coupe', 54);
INSERT INTO carservice.car_model (ID, MODEL_NAME, brand_ID) VALUES (265, 'Coupe GT', 5);
INSERT INTO carservice.car_model (ID, MODEL_NAME, brand_ID) VALUES (266, 'Coupe Quattro', 5);
INSERT INTO carservice.car_model (ID, MODEL_NAME, brand_ID) VALUES (267, 'Courier', 32);
INSERT INTO carservice.car_model (ID, MODEL_NAME, brand_ID) VALUES (268, 'CR-V', 38);
INSERT INTO carservice.car_model (ID, MODEL_NAME, brand_ID) VALUES (269, 'CR-X', 38);
INSERT INTO carservice.car_model (ID, MODEL_NAME, brand_ID) VALUES (270, 'CR-Z', 38);
INSERT INTO carservice.car_model (ID, MODEL_NAME, brand_ID) VALUES (271, 'Cressida', 92);
INSERT INTO carservice.car_model (ID, MODEL_NAME, brand_ID) VALUES (272, 'Crossfire', 18);
INSERT INTO carservice.car_model (ID, MODEL_NAME, brand_ID) VALUES (273, 'Crossfire Roadster', 18);
INSERT INTO carservice.car_model (ID, MODEL_NAME, brand_ID) VALUES (274, 'Crosstour', 38);
INSERT INTO carservice.car_model (ID, MODEL_NAME, brand_ID) VALUES (275, 'Crown Victoria', 32);
INSERT INTO carservice.car_model (ID, MODEL_NAME, brand_ID) VALUES (276, 'Cruze', 17);
INSERT INTO carservice.car_model (ID, MODEL_NAME, brand_ID) VALUES (277, 'CT', 50);
INSERT INTO carservice.car_model (ID, MODEL_NAME, brand_ID) VALUES (278, 'CTS', 16);
INSERT INTO carservice.car_model (ID, MODEL_NAME, brand_ID) VALUES (279, 'CTS-V', 16);
INSERT INTO carservice.car_model (ID, MODEL_NAME, brand_ID) VALUES (280, 'Cube', 68);
INSERT INTO carservice.car_model (ID, MODEL_NAME, brand_ID) VALUES (281, 'Cultus', 89);
INSERT INTO carservice.car_model (ID, MODEL_NAME, brand_ID) VALUES (282, 'Custom Cruiser', 69);
INSERT INTO carservice.car_model (ID, MODEL_NAME, brand_ID) VALUES (283, 'Cutlass', 69);
INSERT INTO carservice.car_model (ID, MODEL_NAME, brand_ID) VALUES (284, 'Cutlass Cruiser', 69);
INSERT INTO carservice.car_model (ID, MODEL_NAME, brand_ID) VALUES (285, 'Cutlass Supreme', 69);
INSERT INTO carservice.car_model (ID, MODEL_NAME, brand_ID) VALUES (286, 'CX', 20);
INSERT INTO carservice.car_model (ID, MODEL_NAME, brand_ID) VALUES (287, 'CX-5', 56);
INSERT INTO carservice.car_model (ID, MODEL_NAME, brand_ID) VALUES (288, 'CX-7', 56);
INSERT INTO carservice.car_model (ID, MODEL_NAME, brand_ID) VALUES (289, 'CX-9', 56);
INSERT INTO carservice.car_model (ID, MODEL_NAME, brand_ID) VALUES (290, 'D150', 25);
INSERT INTO carservice.car_model (ID, MODEL_NAME, brand_ID) VALUES (291, 'D150 Club', 25);
INSERT INTO carservice.car_model (ID, MODEL_NAME, brand_ID) VALUES (292, 'D250', 25);
INSERT INTO carservice.car_model (ID, MODEL_NAME, brand_ID) VALUES (293, 'D250 Club', 25);
INSERT INTO carservice.car_model (ID, MODEL_NAME, brand_ID) VALUES (294, 'D350', 25);
INSERT INTO carservice.car_model (ID, MODEL_NAME, brand_ID) VALUES (295, 'D350 Club', 25);
INSERT INTO carservice.car_model (ID, MODEL_NAME, brand_ID) VALUES (296, 'Daewoo Kalos', 73);
INSERT INTO carservice.car_model (ID, MODEL_NAME, brand_ID) VALUES (297, 'Daewoo Lacetti', 89);
INSERT INTO carservice.car_model (ID, MODEL_NAME, brand_ID) VALUES (298, 'Daewoo Magnus', 89);
INSERT INTO carservice.car_model (ID, MODEL_NAME, brand_ID) VALUES (299, 'Dakota', 25);
INSERT INTO carservice.car_model (ID, MODEL_NAME, brand_ID) VALUES (300, 'Dakota Club', 25);
INSERT INTO carservice.car_model (ID, MODEL_NAME, brand_ID) VALUES (301, 'Datsun/Nissan Z-car', 68);
INSERT INTO carservice.car_model (ID, MODEL_NAME, brand_ID) VALUES (302, 'Daytona', 25);
INSERT INTO carservice.car_model (ID, MODEL_NAME, brand_ID) VALUES (303, 'DB9', 4);
INSERT INTO carservice.car_model (ID, MODEL_NAME, brand_ID) VALUES (304, 'DB9 Volante', 4);
INSERT INTO carservice.car_model (ID, MODEL_NAME, brand_ID) VALUES (305, 'DBS', 4);
INSERT INTO carservice.car_model (ID, MODEL_NAME, brand_ID) VALUES (306, 'Defender', 49);
INSERT INTO carservice.car_model (ID, MODEL_NAME, brand_ID) VALUES (307, 'Defender 110', 49);
INSERT INTO carservice.car_model (ID, MODEL_NAME, brand_ID) VALUES (308, 'Defender 90', 49);
INSERT INTO carservice.car_model (ID, MODEL_NAME, brand_ID) VALUES (309, 'del Sol', 38);
INSERT INTO carservice.car_model (ID, MODEL_NAME, brand_ID) VALUES (310, 'DeVille', 16);
INSERT INTO carservice.car_model (ID, MODEL_NAME, brand_ID) VALUES (311, 'Diablo', 47);
INSERT INTO carservice.car_model (ID, MODEL_NAME, brand_ID) VALUES (312, 'Diamante', 64);
INSERT INTO carservice.car_model (ID, MODEL_NAME, brand_ID) VALUES (313, 'Discovery', 49);
INSERT INTO carservice.car_model (ID, MODEL_NAME, brand_ID) VALUES (314, 'Discovery Series II', 49);
INSERT INTO carservice.car_model (ID, MODEL_NAME, brand_ID) VALUES (315, 'DTS', 16);
INSERT INTO carservice.car_model (ID, MODEL_NAME, brand_ID) VALUES (316, 'Durango', 25);
INSERT INTO carservice.car_model (ID, MODEL_NAME, brand_ID) VALUES (317, 'Dynasty', 25);
INSERT INTO carservice.car_model (ID, MODEL_NAME, brand_ID) VALUES (318, 'E-350 Super Duty', 32);
INSERT INTO carservice.car_model (ID, MODEL_NAME, brand_ID) VALUES (319, 'E-350 Super Duty Van', 32);
INSERT INTO carservice.car_model (ID, MODEL_NAME, brand_ID) VALUES (320, 'E-Class', 59);
INSERT INTO carservice.car_model (ID, MODEL_NAME, brand_ID) VALUES (321, 'E-Series', 32);
INSERT INTO carservice.car_model (ID, MODEL_NAME, brand_ID) VALUES (322, 'E150', 32);
INSERT INTO carservice.car_model (ID, MODEL_NAME, brand_ID) VALUES (323, 'E250', 32);
INSERT INTO carservice.car_model (ID, MODEL_NAME, brand_ID) VALUES (324, 'E350', 32);
INSERT INTO carservice.car_model (ID, MODEL_NAME, brand_ID) VALUES (325, 'Echo', 92);
INSERT INTO carservice.car_model (ID, MODEL_NAME, brand_ID) VALUES (326, 'Eclipse', 64);
INSERT INTO carservice.car_model (ID, MODEL_NAME, brand_ID) VALUES (327, 'Econoline E150', 32);
INSERT INTO carservice.car_model (ID, MODEL_NAME, brand_ID) VALUES (328, 'Econoline E250', 32);
INSERT INTO carservice.car_model (ID, MODEL_NAME, brand_ID) VALUES (329, 'Econoline E350', 32);
INSERT INTO carservice.car_model (ID, MODEL_NAME, brand_ID) VALUES (330, 'Edge', 32);
INSERT INTO carservice.car_model (ID, MODEL_NAME, brand_ID) VALUES (331, 'Elan', 53);
INSERT INTO carservice.car_model (ID, MODEL_NAME, brand_ID) VALUES (332, 'Elantra', 40);
INSERT INTO carservice.car_model (ID, MODEL_NAME, brand_ID) VALUES (333, 'Eldorado', 16);
INSERT INTO carservice.car_model (ID, MODEL_NAME, brand_ID) VALUES (334, 'Electra', 15);
INSERT INTO carservice.car_model (ID, MODEL_NAME, brand_ID) VALUES (335, 'Element', 38);
INSERT INTO carservice.car_model (ID, MODEL_NAME, brand_ID) VALUES (336, 'Elise', 52);
INSERT INTO carservice.car_model (ID, MODEL_NAME, brand_ID) VALUES (337, 'Enclave', 15);
INSERT INTO carservice.car_model (ID, MODEL_NAME, brand_ID) VALUES (338, 'Endeavor', 64);
INSERT INTO carservice.car_model (ID, MODEL_NAME, brand_ID) VALUES (339, 'Entourage', 40);
INSERT INTO carservice.car_model (ID, MODEL_NAME, brand_ID) VALUES (340, 'Envoy', 35);
INSERT INTO carservice.car_model (ID, MODEL_NAME, brand_ID) VALUES (341, 'Envoy XL', 35);
INSERT INTO carservice.car_model (ID, MODEL_NAME, brand_ID) VALUES (342, 'Envoy XUV', 35);
INSERT INTO carservice.car_model (ID, MODEL_NAME, brand_ID) VALUES (343, 'Eos', 93);
INSERT INTO carservice.car_model (ID, MODEL_NAME, brand_ID) VALUES (344, 'Equator', 89);
INSERT INTO carservice.car_model (ID, MODEL_NAME, brand_ID) VALUES (345, 'Equinox', 17);
INSERT INTO carservice.car_model (ID, MODEL_NAME, brand_ID) VALUES (346, 'Equus', 40);
INSERT INTO carservice.car_model (ID, MODEL_NAME, brand_ID) VALUES (347, 'ES', 50);
INSERT INTO carservice.car_model (ID, MODEL_NAME, brand_ID) VALUES (348, 'Escalade', 16);
INSERT INTO carservice.car_model (ID, MODEL_NAME, brand_ID) VALUES (349, 'Escalade ESV', 16);
INSERT INTO carservice.car_model (ID, MODEL_NAME, brand_ID) VALUES (350, 'Escalade EXT', 16);
INSERT INTO carservice.car_model (ID, MODEL_NAME, brand_ID) VALUES (351, 'Escape', 32);
INSERT INTO carservice.car_model (ID, MODEL_NAME, brand_ID) VALUES (352, 'Escort', 32);
INSERT INTO carservice.car_model (ID, MODEL_NAME, brand_ID) VALUES (353, 'Escort ZX2', 32);
INSERT INTO carservice.car_model (ID, MODEL_NAME, brand_ID) VALUES (354, 'Esperante', 70);
INSERT INTO carservice.car_model (ID, MODEL_NAME, brand_ID) VALUES (355, 'Esprit', 53);
INSERT INTO carservice.car_model (ID, MODEL_NAME, brand_ID) VALUES (356, 'Esprit Turbo', 52);
INSERT INTO carservice.car_model (ID, MODEL_NAME, brand_ID) VALUES (357, 'Estate', 15);
INSERT INTO carservice.car_model (ID, MODEL_NAME, brand_ID) VALUES (358, 'Esteem', 89);
INSERT INTO carservice.car_model (ID, MODEL_NAME, brand_ID) VALUES (359, 'Eurovan', 93);
INSERT INTO carservice.car_model (ID, MODEL_NAME, brand_ID) VALUES (360, 'EV1', 35);
INSERT INTO carservice.car_model (ID, MODEL_NAME, brand_ID) VALUES (361, 'Evora', 52);
INSERT INTO carservice.car_model (ID, MODEL_NAME, brand_ID) VALUES (362, 'EX', 41);
INSERT INTO carservice.car_model (ID, MODEL_NAME, brand_ID) VALUES (363, 'Excel', 40);
INSERT INTO carservice.car_model (ID, MODEL_NAME, brand_ID) VALUES (364, 'Excursion', 32);
INSERT INTO carservice.car_model (ID, MODEL_NAME, brand_ID) VALUES (365, 'Exige', 52);
INSERT INTO carservice.car_model (ID, MODEL_NAME, brand_ID) VALUES (366, 'Exige S', 52);
INSERT INTO carservice.car_model (ID, MODEL_NAME, brand_ID) VALUES (367, 'EXP', 32);
INSERT INTO carservice.car_model (ID, MODEL_NAME, brand_ID) VALUES (368, 'Expedition', 32);
INSERT INTO carservice.car_model (ID, MODEL_NAME, brand_ID) VALUES (369, 'Expedition EL', 32);
INSERT INTO carservice.car_model (ID, MODEL_NAME, brand_ID) VALUES (370, 'Explorer', 32);
INSERT INTO carservice.car_model (ID, MODEL_NAME, brand_ID) VALUES (371, 'Explorer Sport', 32);
INSERT INTO carservice.car_model (ID, MODEL_NAME, brand_ID) VALUES (372, 'Explorer Sport Trac', 32);
INSERT INTO carservice.car_model (ID, MODEL_NAME, brand_ID) VALUES (373, 'Expo', 64);
INSERT INTO carservice.car_model (ID, MODEL_NAME, brand_ID) VALUES (374, 'Expo LRV', 64);
INSERT INTO carservice.car_model (ID, MODEL_NAME, brand_ID) VALUES (375, 'Express', 17);
INSERT INTO carservice.car_model (ID, MODEL_NAME, brand_ID) VALUES (376, 'Express 1500', 17);
INSERT INTO carservice.car_model (ID, MODEL_NAME, brand_ID) VALUES (377, 'Express 2500', 17);
INSERT INTO carservice.car_model (ID, MODEL_NAME, brand_ID) VALUES (378, 'Express 3500', 17);
INSERT INTO carservice.car_model (ID, MODEL_NAME, brand_ID) VALUES (379, 'F-250 Super Duty', 32);
INSERT INTO carservice.car_model (ID, MODEL_NAME, brand_ID) VALUES (380, 'F-350 Super Duty', 32);
INSERT INTO carservice.car_model (ID, MODEL_NAME, brand_ID) VALUES (381, 'F-Series', 32);
INSERT INTO carservice.car_model (ID, MODEL_NAME, brand_ID) VALUES (382, 'F-Series Super Duty', 32);
INSERT INTO carservice.car_model (ID, MODEL_NAME, brand_ID) VALUES (383, 'F150', 32);
INSERT INTO carservice.car_model (ID, MODEL_NAME, brand_ID) VALUES (384, 'F250', 32);
INSERT INTO carservice.car_model (ID, MODEL_NAME, brand_ID) VALUES (385, 'F350', 32);
INSERT INTO carservice.car_model (ID, MODEL_NAME, brand_ID) VALUES (386, 'F430', 28);
INSERT INTO carservice.car_model (ID, MODEL_NAME, brand_ID) VALUES (387, 'F430 Spider', 28);
INSERT INTO carservice.car_model (ID, MODEL_NAME, brand_ID) VALUES (388, 'F450', 32);
INSERT INTO carservice.car_model (ID, MODEL_NAME, brand_ID) VALUES (389, 'Fairlane', 32);
INSERT INTO carservice.car_model (ID, MODEL_NAME, brand_ID) VALUES (390, 'Falcon', 32);
INSERT INTO carservice.car_model (ID, MODEL_NAME, brand_ID) VALUES (391, 'Familia', 56);
INSERT INTO carservice.car_model (ID, MODEL_NAME, brand_ID) VALUES (392, 'FCX Clarity', 38);
INSERT INTO carservice.car_model (ID, MODEL_NAME, brand_ID) VALUES (393, 'Festiva', 32);
INSERT INTO carservice.car_model (ID, MODEL_NAME, brand_ID) VALUES (394, 'FF', 28);
INSERT INTO carservice.car_model (ID, MODEL_NAME, brand_ID) VALUES (395, 'Fiero', 73);
INSERT INTO carservice.car_model (ID, MODEL_NAME, brand_ID) VALUES (396, 'Fiesta', 32);
INSERT INTO carservice.car_model (ID, MODEL_NAME, brand_ID) VALUES (397, 'Fifth Ave', 18);
INSERT INTO carservice.car_model (ID, MODEL_NAME, brand_ID) VALUES (398, 'Fillmore', 30);
INSERT INTO carservice.car_model (ID, MODEL_NAME, brand_ID) VALUES (399, 'Firebird', 73);
INSERT INTO carservice.car_model (ID, MODEL_NAME, brand_ID) VALUES (400, 'Firebird Formula', 73);
INSERT INTO carservice.car_model (ID, MODEL_NAME, brand_ID) VALUES (401, 'Firebird Trans Am', 73);
INSERT INTO carservice.car_model (ID, MODEL_NAME, brand_ID) VALUES (402, 'Firefly', 73);
INSERT INTO carservice.car_model (ID, MODEL_NAME, brand_ID) VALUES (403, 'Fit', 38);
INSERT INTO carservice.car_model (ID, MODEL_NAME, brand_ID) VALUES (404, 'Five Hundred', 32);
INSERT INTO carservice.car_model (ID, MODEL_NAME, brand_ID) VALUES (405, 'FJ Cruiser', 92);
INSERT INTO carservice.car_model (ID, MODEL_NAME, brand_ID) VALUES (406, 'Fleetwood', 16);
INSERT INTO carservice.car_model (ID, MODEL_NAME, brand_ID) VALUES (407, 'Flex', 32);
INSERT INTO carservice.car_model (ID, MODEL_NAME, brand_ID) VALUES (408, 'Focus', 32);
INSERT INTO carservice.car_model (ID, MODEL_NAME, brand_ID) VALUES (409, 'Focus ST', 32);
INSERT INTO carservice.car_model (ID, MODEL_NAME, brand_ID) VALUES (410, 'Forenza', 89);
INSERT INTO carservice.car_model (ID, MODEL_NAME, brand_ID) VALUES (411, 'Forester', 88);
INSERT INTO carservice.car_model (ID, MODEL_NAME, brand_ID) VALUES (412, 'Forte', 46);
INSERT INTO carservice.car_model (ID, MODEL_NAME, brand_ID) VALUES (413, 'Fortwo', 84);
INSERT INTO carservice.car_model (ID, MODEL_NAME, brand_ID) VALUES (414, 'Fox', 93);
INSERT INTO carservice.car_model (ID, MODEL_NAME, brand_ID) VALUES (415, 'FR-S', 82);
INSERT INTO carservice.car_model (ID, MODEL_NAME, brand_ID) VALUES (416, 'Freelander', 49);
INSERT INTO carservice.car_model (ID, MODEL_NAME, brand_ID) VALUES (417, 'Freestar', 32);
INSERT INTO carservice.car_model (ID, MODEL_NAME, brand_ID) VALUES (418, 'Freestyle', 32);
INSERT INTO carservice.car_model (ID, MODEL_NAME, brand_ID) VALUES (419, 'Frontier', 68);
INSERT INTO carservice.car_model (ID, MODEL_NAME, brand_ID) VALUES (420, 'Fury', 72);
INSERT INTO carservice.car_model (ID, MODEL_NAME, brand_ID) VALUES (421, 'Fusion', 32);
INSERT INTO carservice.car_model (ID, MODEL_NAME, brand_ID) VALUES (422, 'FX', 41);
INSERT INTO carservice.car_model (ID, MODEL_NAME, brand_ID) VALUES (423, 'G', 41);
INSERT INTO carservice.car_model (ID, MODEL_NAME, brand_ID) VALUES (424, 'G-Class', 59);
INSERT INTO carservice.car_model (ID, MODEL_NAME, brand_ID) VALUES (425, 'G-Series 1500', 17);
INSERT INTO carservice.car_model (ID, MODEL_NAME, brand_ID) VALUES (426, 'G-Series 2500', 17);
INSERT INTO carservice.car_model (ID, MODEL_NAME, brand_ID) VALUES (427, 'G-Series 3500', 17);
INSERT INTO carservice.car_model (ID, MODEL_NAME, brand_ID) VALUES (428, 'G-Series G10', 17);
INSERT INTO carservice.car_model (ID, MODEL_NAME, brand_ID) VALUES (429, 'G-Series G20', 17);
INSERT INTO carservice.car_model (ID, MODEL_NAME, brand_ID) VALUES (430, 'G-Series G30', 17);
INSERT INTO carservice.car_model (ID, MODEL_NAME, brand_ID) VALUES (431, 'G25', 41);
INSERT INTO carservice.car_model (ID, MODEL_NAME, brand_ID) VALUES (432, 'G3', 73);
INSERT INTO carservice.car_model (ID, MODEL_NAME, brand_ID) VALUES (433, 'G35', 41);
INSERT INTO carservice.car_model (ID, MODEL_NAME, brand_ID) VALUES (434, 'G37', 41);
INSERT INTO carservice.car_model (ID, MODEL_NAME, brand_ID) VALUES (435, 'G5', 73);
INSERT INTO carservice.car_model (ID, MODEL_NAME, brand_ID) VALUES (436, 'G55 AMG', 59);
INSERT INTO carservice.car_model (ID, MODEL_NAME, brand_ID) VALUES (437, 'G6', 73);
INSERT INTO carservice.car_model (ID, MODEL_NAME, brand_ID) VALUES (438, 'G8', 73);
INSERT INTO carservice.car_model (ID, MODEL_NAME, brand_ID) VALUES (439, 'Galant', 64);
INSERT INTO carservice.car_model (ID, MODEL_NAME, brand_ID) VALUES (440, 'Galaxie', 32);
INSERT INTO carservice.car_model (ID, MODEL_NAME, brand_ID) VALUES (441, 'Gallardo', 47);
INSERT INTO carservice.car_model (ID, MODEL_NAME, brand_ID) VALUES (442, 'Gemini', 73);
INSERT INTO carservice.car_model (ID, MODEL_NAME, brand_ID) VALUES (443, 'Genesis', 40);
INSERT INTO carservice.car_model (ID, MODEL_NAME, brand_ID) VALUES (444, 'Genesis Coupe', 40);
INSERT INTO carservice.car_model (ID, MODEL_NAME, brand_ID) VALUES (445, 'Ghost', 79);
INSERT INTO carservice.car_model (ID, MODEL_NAME, brand_ID) VALUES (446, 'GL-Class', 59);
INSERT INTO carservice.car_model (ID, MODEL_NAME, brand_ID) VALUES (447, 'GLC', 56);
INSERT INTO carservice.car_model (ID, MODEL_NAME, brand_ID) VALUES (448, 'GLI', 93);
INSERT INTO carservice.car_model (ID, MODEL_NAME, brand_ID) VALUES (449, 'GLK-Class', 59);
INSERT INTO carservice.car_model (ID, MODEL_NAME, brand_ID) VALUES (450, 'Golf', 93);
INSERT INTO carservice.car_model (ID, MODEL_NAME, brand_ID) VALUES (451, 'Golf III', 93);
INSERT INTO carservice.car_model (ID, MODEL_NAME, brand_ID) VALUES (452, 'Gran Sport', 54);
INSERT INTO carservice.car_model (ID, MODEL_NAME, brand_ID) VALUES (453, 'Grand Am', 73);
INSERT INTO carservice.car_model (ID, MODEL_NAME, brand_ID) VALUES (454, 'Grand Caravan', 25);
INSERT INTO carservice.car_model (ID, MODEL_NAME, brand_ID) VALUES (455, 'Grand Cherokee', 44);
INSERT INTO carservice.car_model (ID, MODEL_NAME, brand_ID) VALUES (456, 'Grand Marquis', 60);
INSERT INTO carservice.car_model (ID, MODEL_NAME, brand_ID) VALUES (457, 'Grand Prix', 73);
INSERT INTO carservice.car_model (ID, MODEL_NAME, brand_ID) VALUES (458, 'Grand Prix Turbo', 73);
INSERT INTO carservice.car_model (ID, MODEL_NAME, brand_ID) VALUES (459, 'Grand Vitara', 89);
INSERT INTO carservice.car_model (ID, MODEL_NAME, brand_ID) VALUES (460, 'Grand Voyager', 18);
INSERT INTO carservice.car_model (ID, MODEL_NAME, brand_ID) VALUES (461, 'GranSport', 54);
INSERT INTO carservice.car_model (ID, MODEL_NAME, brand_ID) VALUES (462, 'GranTurismo', 54);
INSERT INTO carservice.car_model (ID, MODEL_NAME, brand_ID) VALUES (463, 'GS', 50);
INSERT INTO carservice.car_model (ID, MODEL_NAME, brand_ID) VALUES (464, 'GT', 32);
INSERT INTO carservice.car_model (ID, MODEL_NAME, brand_ID) VALUES (465, 'GT-R', 68);
INSERT INTO carservice.car_model (ID, MODEL_NAME, brand_ID) VALUES (466, 'GT350', 83);
INSERT INTO carservice.car_model (ID, MODEL_NAME, brand_ID) VALUES (467, 'GT500', 32);
INSERT INTO carservice.car_model (ID, MODEL_NAME, brand_ID) VALUES (468, 'GTI', 93);
INSERT INTO carservice.car_model (ID, MODEL_NAME, brand_ID) VALUES (469, 'GTO', 64);
INSERT INTO carservice.car_model (ID, MODEL_NAME, brand_ID) VALUES (470, 'GX', 50);
INSERT INTO carservice.car_model (ID, MODEL_NAME, brand_ID) VALUES (471, 'H1', 39);
INSERT INTO carservice.car_model (ID, MODEL_NAME, brand_ID) VALUES (472, 'H2', 39);
INSERT INTO carservice.car_model (ID, MODEL_NAME, brand_ID) VALUES (473, 'H2 SUT', 39);
INSERT INTO carservice.car_model (ID, MODEL_NAME, brand_ID) VALUES (474, 'H2 SUV', 39);
INSERT INTO carservice.car_model (ID, MODEL_NAME, brand_ID) VALUES (475, 'H3', 39);
INSERT INTO carservice.car_model (ID, MODEL_NAME, brand_ID) VALUES (476, 'H3T', 39);
INSERT INTO carservice.car_model (ID, MODEL_NAME, brand_ID) VALUES (477, 'Hearse', 15);
INSERT INTO carservice.car_model (ID, MODEL_NAME, brand_ID) VALUES (478, 'HED-5', 40);
INSERT INTO carservice.car_model (ID, MODEL_NAME, brand_ID) VALUES (479, 'Hemisfear', 31);
INSERT INTO carservice.car_model (ID, MODEL_NAME, brand_ID) VALUES (480, 'HHR', 17);
INSERT INTO carservice.car_model (ID, MODEL_NAME, brand_ID) VALUES (481, 'HHR Panel', 17);
INSERT INTO carservice.car_model (ID, MODEL_NAME, brand_ID) VALUES (482, 'Highlander', 92);
INSERT INTO carservice.car_model (ID, MODEL_NAME, brand_ID) VALUES (483, 'Highlander Hybrid', 92);
INSERT INTO carservice.car_model (ID, MODEL_NAME, brand_ID) VALUES (484, 'Hombre', 42);
INSERT INTO carservice.car_model (ID, MODEL_NAME, brand_ID) VALUES (485, 'Hombre Space', 42);
INSERT INTO carservice.car_model (ID, MODEL_NAME, brand_ID) VALUES (486, 'Horizon', 72);
INSERT INTO carservice.car_model (ID, MODEL_NAME, brand_ID) VALUES (487, 'HS', 50);
INSERT INTO carservice.car_model (ID, MODEL_NAME, brand_ID) VALUES (488, 'I', 41);
INSERT INTO carservice.car_model (ID, MODEL_NAME, brand_ID) VALUES (489, 'i-280', 42);
INSERT INTO carservice.car_model (ID, MODEL_NAME, brand_ID) VALUES (490, 'i-290', 42);
INSERT INTO carservice.car_model (ID, MODEL_NAME, brand_ID) VALUES (491, 'i-350', 42);
INSERT INTO carservice.car_model (ID, MODEL_NAME, brand_ID) VALUES (492, 'i-370', 42);
INSERT INTO carservice.car_model (ID, MODEL_NAME, brand_ID) VALUES (493, 'i-MiEV', 64);
INSERT INTO carservice.car_model (ID, MODEL_NAME, brand_ID) VALUES (494, 'i-Series', 42);
INSERT INTO carservice.car_model (ID, MODEL_NAME, brand_ID) VALUES (495, 'Ice Edition', 24);
INSERT INTO carservice.car_model (ID, MODEL_NAME, brand_ID) VALUES (496, 'Impala', 17);
INSERT INTO carservice.car_model (ID, MODEL_NAME, brand_ID) VALUES (497, 'Impala SS', 17);
INSERT INTO carservice.car_model (ID, MODEL_NAME, brand_ID) VALUES (498, 'Imperial', 18);
INSERT INTO carservice.car_model (ID, MODEL_NAME, brand_ID) VALUES (499, 'Impreza', 88);
INSERT INTO carservice.car_model (ID, MODEL_NAME, brand_ID) VALUES (500, 'Impreza WRX', 88);
INSERT INTO carservice.car_model (ID, MODEL_NAME, brand_ID) VALUES (501, 'Impulse', 42);
INSERT INTO carservice.car_model (ID, MODEL_NAME, brand_ID) VALUES (502, 'Insight', 38);
INSERT INTO carservice.car_model (ID, MODEL_NAME, brand_ID) VALUES (503, 'Integra', 1);
INSERT INTO carservice.car_model (ID, MODEL_NAME, brand_ID) VALUES (504, 'Interceptor', 45);
INSERT INTO carservice.car_model (ID, MODEL_NAME, brand_ID) VALUES (505, 'Intrepid', 25);
INSERT INTO carservice.car_model (ID, MODEL_NAME, brand_ID) VALUES (506, 'Intrigue', 69);
INSERT INTO carservice.car_model (ID, MODEL_NAME, brand_ID) VALUES (507, 'Ion', 81);
INSERT INTO carservice.car_model (ID, MODEL_NAME, brand_ID) VALUES (508, 'IPL G', 41);
INSERT INTO carservice.car_model (ID, MODEL_NAME, brand_ID) VALUES (509, 'Ipsum', 92);
INSERT INTO carservice.car_model (ID, MODEL_NAME, brand_ID) VALUES (510, 'iQ', 82);
INSERT INTO carservice.car_model (ID, MODEL_NAME, brand_ID) VALUES (511, 'IS', 50);
INSERT INTO carservice.car_model (ID, MODEL_NAME, brand_ID) VALUES (512, 'IS F', 50);
INSERT INTO carservice.car_model (ID, MODEL_NAME, brand_ID) VALUES (513, 'IS-F', 50);
INSERT INTO carservice.car_model (ID, MODEL_NAME, brand_ID) VALUES (514, 'J', 41);
INSERT INTO carservice.car_model (ID, MODEL_NAME, brand_ID) VALUES (515, 'Jetta', 93);
INSERT INTO carservice.car_model (ID, MODEL_NAME, brand_ID) VALUES (516, 'Jetta III', 93);
INSERT INTO carservice.car_model (ID, MODEL_NAME, brand_ID) VALUES (517, 'Jimmy', 35);
INSERT INTO carservice.car_model (ID, MODEL_NAME, brand_ID) VALUES (518, 'Journey', 25);
INSERT INTO carservice.car_model (ID, MODEL_NAME, brand_ID) VALUES (519, 'JUKE', 68);
INSERT INTO carservice.car_model (ID, MODEL_NAME, brand_ID) VALUES (520, 'Justy', 88);
INSERT INTO carservice.car_model (ID, MODEL_NAME, brand_ID) VALUES (521, 'JX', 41);
INSERT INTO carservice.car_model (ID, MODEL_NAME, brand_ID) VALUES (522, 'K5 Blazer', 17);
INSERT INTO carservice.car_model (ID, MODEL_NAME, brand_ID) VALUES (523, 'Karif', 54);
INSERT INTO carservice.car_model (ID, MODEL_NAME, brand_ID) VALUES (524, 'Kizashi', 89);
INSERT INTO carservice.car_model (ID, MODEL_NAME, brand_ID) VALUES (525, 'L-Series', 81);
INSERT INTO carservice.car_model (ID, MODEL_NAME, brand_ID) VALUES (526, 'L300', 64);
INSERT INTO carservice.car_model (ID, MODEL_NAME, brand_ID) VALUES (527, 'LaCrosse', 15);
INSERT INTO carservice.car_model (ID, MODEL_NAME, brand_ID) VALUES (528, 'Lancer', 64);
INSERT INTO carservice.car_model (ID, MODEL_NAME, brand_ID) VALUES (529, 'Lancer Evolution', 64);
INSERT INTO carservice.car_model (ID, MODEL_NAME, brand_ID) VALUES (530, 'Land Cruiser', 92);
INSERT INTO carservice.car_model (ID, MODEL_NAME, brand_ID) VALUES (531, 'Landaulet', 55);
INSERT INTO carservice.car_model (ID, MODEL_NAME, brand_ID) VALUES (532, 'Lanos', 22);
INSERT INTO carservice.car_model (ID, MODEL_NAME, brand_ID) VALUES (533, 'Laser', 32);
INSERT INTO carservice.car_model (ID, MODEL_NAME, brand_ID) VALUES (534, 'Leaf', 68);
INSERT INTO carservice.car_model (ID, MODEL_NAME, brand_ID) VALUES (535, 'LeBaron', 18);
INSERT INTO carservice.car_model (ID, MODEL_NAME, brand_ID) VALUES (536, 'Legacy', 88);
INSERT INTO carservice.car_model (ID, MODEL_NAME, brand_ID) VALUES (537, 'Leganza', 22);
INSERT INTO carservice.car_model (ID, MODEL_NAME, brand_ID) VALUES (538, 'Legend', 1);
INSERT INTO carservice.car_model (ID, MODEL_NAME, brand_ID) VALUES (539, 'LeMans', 73);
INSERT INTO carservice.car_model (ID, MODEL_NAME, brand_ID) VALUES (540, 'Leone', 88);
INSERT INTO carservice.car_model (ID, MODEL_NAME, brand_ID) VALUES (541, 'LeSabre', 15);
INSERT INTO carservice.car_model (ID, MODEL_NAME, brand_ID) VALUES (542, 'LFA', 50);
INSERT INTO carservice.car_model (ID, MODEL_NAME, brand_ID) VALUES (543, 'LHS', 18);
INSERT INTO carservice.car_model (ID, MODEL_NAME, brand_ID) VALUES (544, 'Liberty', 44);
INSERT INTO carservice.car_model (ID, MODEL_NAME, brand_ID) VALUES (545, 'Lightning', 32);
INSERT INTO carservice.car_model (ID, MODEL_NAME, brand_ID) VALUES (546, 'Loyale', 88);
INSERT INTO carservice.car_model (ID, MODEL_NAME, brand_ID) VALUES (547, 'LR2', 49);
INSERT INTO carservice.car_model (ID, MODEL_NAME, brand_ID) VALUES (548, 'LR3', 49);
INSERT INTO carservice.car_model (ID, MODEL_NAME, brand_ID) VALUES (549, 'LR4', 49);
INSERT INTO carservice.car_model (ID, MODEL_NAME, brand_ID) VALUES (550, 'LS', 50);
INSERT INTO carservice.car_model (ID, MODEL_NAME, brand_ID) VALUES (551, 'LS Hybrid', 50);
INSERT INTO carservice.car_model (ID, MODEL_NAME, brand_ID) VALUES (552, 'LSS', 69);
INSERT INTO carservice.car_model (ID, MODEL_NAME, brand_ID) VALUES (553, 'LTD', 32);
INSERT INTO carservice.car_model (ID, MODEL_NAME, brand_ID) VALUES (554, 'LTD Crown Victoria', 32);
INSERT INTO carservice.car_model (ID, MODEL_NAME, brand_ID) VALUES (555, 'Lucerne', 15);
INSERT INTO carservice.car_model (ID, MODEL_NAME, brand_ID) VALUES (556, 'Lumina', 17);
INSERT INTO carservice.car_model (ID, MODEL_NAME, brand_ID) VALUES (557, 'Lumina APV', 17);
INSERT INTO carservice.car_model (ID, MODEL_NAME, brand_ID) VALUES (558, 'LUV', 17);
INSERT INTO carservice.car_model (ID, MODEL_NAME, brand_ID) VALUES (559, 'LX', 50);
INSERT INTO carservice.car_model (ID, MODEL_NAME, brand_ID) VALUES (560, 'Lynx', 60);
INSERT INTO carservice.car_model (ID, MODEL_NAME, brand_ID) VALUES (561, 'M', 8);
INSERT INTO carservice.car_model (ID, MODEL_NAME, brand_ID) VALUES (562, 'M Roadster', 8);
INSERT INTO carservice.car_model (ID, MODEL_NAME, brand_ID) VALUES (563, 'M-Class', 59);
INSERT INTO carservice.car_model (ID, MODEL_NAME, brand_ID) VALUES (564, 'M3', 8);
INSERT INTO carservice.car_model (ID, MODEL_NAME, brand_ID) VALUES (565, 'M5', 8);
INSERT INTO carservice.car_model (ID, MODEL_NAME, brand_ID) VALUES (566, 'M6', 8);
INSERT INTO carservice.car_model (ID, MODEL_NAME, brand_ID) VALUES (567, 'Magnum', 25);
INSERT INTO carservice.car_model (ID, MODEL_NAME, brand_ID) VALUES (568, 'Malibu', 17);
INSERT INTO carservice.car_model (ID, MODEL_NAME, brand_ID) VALUES (569, 'Malibu Maxx', 17);
INSERT INTO carservice.car_model (ID, MODEL_NAME, brand_ID) VALUES (570, 'Marauder', 60);
INSERT INTO carservice.car_model (ID, MODEL_NAME, brand_ID) VALUES (571, 'Mariner', 60);
INSERT INTO carservice.car_model (ID, MODEL_NAME, brand_ID) VALUES (572, 'Mark LT', 51);
INSERT INTO carservice.car_model (ID, MODEL_NAME, brand_ID) VALUES (573, 'Mark VII', 51);
INSERT INTO carservice.car_model (ID, MODEL_NAME, brand_ID) VALUES (574, 'Mark VIII', 51);
INSERT INTO carservice.car_model (ID, MODEL_NAME, brand_ID) VALUES (575, 'Marquis', 60);
INSERT INTO carservice.car_model (ID, MODEL_NAME, brand_ID) VALUES (576, 'Matrix', 92);
INSERT INTO carservice.car_model (ID, MODEL_NAME, brand_ID) VALUES (577, 'Maxima', 68);
INSERT INTO carservice.car_model (ID, MODEL_NAME, brand_ID) VALUES (578, 'Mazda2', 56);
INSERT INTO carservice.car_model (ID, MODEL_NAME, brand_ID) VALUES (579, 'Mazda3', 56);
INSERT INTO carservice.car_model (ID, MODEL_NAME, brand_ID) VALUES (580, 'Mazda5', 56);
INSERT INTO carservice.car_model (ID, MODEL_NAME, brand_ID) VALUES (581, 'Mazda6', 56);
INSERT INTO carservice.car_model (ID, MODEL_NAME, brand_ID) VALUES (582, 'Mazda6 5-Door', 56);
INSERT INTO carservice.car_model (ID, MODEL_NAME, brand_ID) VALUES (583, 'Mazda6 Sport', 56);
INSERT INTO carservice.car_model (ID, MODEL_NAME, brand_ID) VALUES (584, 'Mazdaspeed 3', 56);
INSERT INTO carservice.car_model (ID, MODEL_NAME, brand_ID) VALUES (585, 'Mazdaspeed6', 56);
INSERT INTO carservice.car_model (ID, MODEL_NAME, brand_ID) VALUES (586, 'MDX', 1);
INSERT INTO carservice.car_model (ID, MODEL_NAME, brand_ID) VALUES (587, 'Mentor', 46);
INSERT INTO carservice.car_model (ID, MODEL_NAME, brand_ID) VALUES (588, 'Metro', 17);
INSERT INTO carservice.car_model (ID, MODEL_NAME, brand_ID) VALUES (589, 'MGB', 62);
INSERT INTO carservice.car_model (ID, MODEL_NAME, brand_ID) VALUES (590, 'Miata MX-5', 56);
INSERT INTO carservice.car_model (ID, MODEL_NAME, brand_ID) VALUES (591, 'Mighty Max', 64);
INSERT INTO carservice.car_model (ID, MODEL_NAME, brand_ID) VALUES (592, 'Mighty Max Macro', 64);
INSERT INTO carservice.car_model (ID, MODEL_NAME, brand_ID) VALUES (593, 'Milan', 60);
INSERT INTO carservice.car_model (ID, MODEL_NAME, brand_ID) VALUES (594, 'Millenia', 56);
INSERT INTO carservice.car_model (ID, MODEL_NAME, brand_ID) VALUES (595, 'Mini', 6);
INSERT INTO carservice.car_model (ID, MODEL_NAME, brand_ID) VALUES (596, 'Mini Cooper', 6);
INSERT INTO carservice.car_model (ID, MODEL_NAME, brand_ID) VALUES (597, 'Mini Cooper S', 6);
INSERT INTO carservice.car_model (ID, MODEL_NAME, brand_ID) VALUES (598, 'Minx Magnificent', 36);
INSERT INTO carservice.car_model (ID, MODEL_NAME, brand_ID) VALUES (599, 'Mirage', 64);
INSERT INTO carservice.car_model (ID, MODEL_NAME, brand_ID) VALUES (600, 'MKS', 51);
INSERT INTO carservice.car_model (ID, MODEL_NAME, brand_ID) VALUES (601, 'MKT', 51);
INSERT INTO carservice.car_model (ID, MODEL_NAME, brand_ID) VALUES (602, 'MKX', 51);
INSERT INTO carservice.car_model (ID, MODEL_NAME, brand_ID) VALUES (603, 'MKZ', 51);
INSERT INTO carservice.car_model (ID, MODEL_NAME, brand_ID) VALUES (604, 'Model S', 91);
INSERT INTO carservice.car_model (ID, MODEL_NAME, brand_ID) VALUES (605, 'Model T', 32);
INSERT INTO carservice.car_model (ID, MODEL_NAME, brand_ID) VALUES (606, 'Mohave/Borrego', 46);
INSERT INTO carservice.car_model (ID, MODEL_NAME, brand_ID) VALUES (607, 'Monaco', 25);
INSERT INTO carservice.car_model (ID, MODEL_NAME, brand_ID) VALUES (608, 'Monaro', 37);
INSERT INTO carservice.car_model (ID, MODEL_NAME, brand_ID) VALUES (609, 'Montana', 73);
INSERT INTO carservice.car_model (ID, MODEL_NAME, brand_ID) VALUES (610, 'Montana SV6', 73);
INSERT INTO carservice.car_model (ID, MODEL_NAME, brand_ID) VALUES (611, 'Monte Carlo', 17);
INSERT INTO carservice.car_model (ID, MODEL_NAME, brand_ID) VALUES (612, 'Montego', 60);
INSERT INTO carservice.car_model (ID, MODEL_NAME, brand_ID) VALUES (613, 'Monterey', 60);
INSERT INTO carservice.car_model (ID, MODEL_NAME, brand_ID) VALUES (614, 'Montero', 64);
INSERT INTO carservice.car_model (ID, MODEL_NAME, brand_ID) VALUES (615, 'Montero Sport', 64);
INSERT INTO carservice.car_model (ID, MODEL_NAME, brand_ID) VALUES (616, 'Monza', 17);
INSERT INTO carservice.car_model (ID, MODEL_NAME, brand_ID) VALUES (617, 'Mountaineer', 60);
INSERT INTO carservice.car_model (ID, MODEL_NAME, brand_ID) VALUES (618, 'MP4-12C', 58);
INSERT INTO carservice.car_model (ID, MODEL_NAME, brand_ID) VALUES (619, 'MPV', 56);
INSERT INTO carservice.car_model (ID, MODEL_NAME, brand_ID) VALUES (620, 'MR2', 92);
INSERT INTO carservice.car_model (ID, MODEL_NAME, brand_ID) VALUES (621, 'Mulsanne', 7);
INSERT INTO carservice.car_model (ID, MODEL_NAME, brand_ID) VALUES (622, 'Murano', 68);
INSERT INTO carservice.car_model (ID, MODEL_NAME, brand_ID) VALUES (623, 'Murciélago', 47);
INSERT INTO carservice.car_model (ID, MODEL_NAME, brand_ID) VALUES (624, 'Murcielago LP640', 47);
INSERT INTO carservice.car_model (ID, MODEL_NAME, brand_ID) VALUES (625, 'Mustang', 32);
INSERT INTO carservice.car_model (ID, MODEL_NAME, brand_ID) VALUES (626, 'MX-3', 56);
INSERT INTO carservice.car_model (ID, MODEL_NAME, brand_ID) VALUES (627, 'MX-5', 56);
INSERT INTO carservice.car_model (ID, MODEL_NAME, brand_ID) VALUES (628, 'MX-6', 56);
INSERT INTO carservice.car_model (ID, MODEL_NAME, brand_ID) VALUES (629, 'Mystique', 60);
INSERT INTO carservice.car_model (ID, MODEL_NAME, brand_ID) VALUES (630, 'Navajo', 56);
INSERT INTO carservice.car_model (ID, MODEL_NAME, brand_ID) VALUES (631, 'Navigator', 51);
INSERT INTO carservice.car_model (ID, MODEL_NAME, brand_ID) VALUES (632, 'Navigator L', 51);
INSERT INTO carservice.car_model (ID, MODEL_NAME, brand_ID) VALUES (633, 'Neon', 25);
INSERT INTO carservice.car_model (ID, MODEL_NAME, brand_ID) VALUES (634, 'New Beetle', 93);
INSERT INTO carservice.car_model (ID, MODEL_NAME, brand_ID) VALUES (635, 'New Yorker', 18);
INSERT INTO carservice.car_model (ID, MODEL_NAME, brand_ID) VALUES (636, 'Nitro', 25);
INSERT INTO carservice.car_model (ID, MODEL_NAME, brand_ID) VALUES (637, 'NSX', 1);
INSERT INTO carservice.car_model (ID, MODEL_NAME, brand_ID) VALUES (638, 'Nubira', 22);
INSERT INTO carservice.car_model (ID, MODEL_NAME, brand_ID) VALUES (639, 'Nuova 500', 29);
INSERT INTO carservice.car_model (ID, MODEL_NAME, brand_ID) VALUES (640, 'NV1500', 68);
INSERT INTO carservice.car_model (ID, MODEL_NAME, brand_ID) VALUES (641, 'NV2500', 68);
INSERT INTO carservice.car_model (ID, MODEL_NAME, brand_ID) VALUES (642, 'NV3500', 68);
INSERT INTO carservice.car_model (ID, MODEL_NAME, brand_ID) VALUES (643, 'NX', 68);
INSERT INTO carservice.car_model (ID, MODEL_NAME, brand_ID) VALUES (644, 'Oasis', 42);
INSERT INTO carservice.car_model (ID, MODEL_NAME, brand_ID) VALUES (645, 'Odyssey', 38);
INSERT INTO carservice.car_model (ID, MODEL_NAME, brand_ID) VALUES (646, 'Omni', 25);
INSERT INTO carservice.car_model (ID, MODEL_NAME, brand_ID) VALUES (647, 'Optima', 46);
INSERT INTO carservice.car_model (ID, MODEL_NAME, brand_ID) VALUES (648, 'Outback', 88);
INSERT INTO carservice.car_model (ID, MODEL_NAME, brand_ID) VALUES (649, 'Outback Sport', 88);
INSERT INTO carservice.car_model (ID, MODEL_NAME, brand_ID) VALUES (650, 'Outlander', 64);
INSERT INTO carservice.car_model (ID, MODEL_NAME, brand_ID) VALUES (651, 'Outlander Sport', 64);
INSERT INTO carservice.car_model (ID, MODEL_NAME, brand_ID) VALUES (652, 'Outlook', 81);
INSERT INTO carservice.car_model (ID, MODEL_NAME, brand_ID) VALUES (653, 'Pacifica', 18);
INSERT INTO carservice.car_model (ID, MODEL_NAME, brand_ID) VALUES (654, 'Pajero', 64);
INSERT INTO carservice.car_model (ID, MODEL_NAME, brand_ID) VALUES (655, 'Panamera', 74);
INSERT INTO carservice.car_model (ID, MODEL_NAME, brand_ID) VALUES (656, 'Parisienne', 73);
INSERT INTO carservice.car_model (ID, MODEL_NAME, brand_ID) VALUES (657, 'Park Avenue', 15);
INSERT INTO carservice.car_model (ID, MODEL_NAME, brand_ID) VALUES (658, 'Paseo', 92);
INSERT INTO carservice.car_model (ID, MODEL_NAME, brand_ID) VALUES (659, 'Passat', 93);
INSERT INTO carservice.car_model (ID, MODEL_NAME, brand_ID) VALUES (660, 'Passport', 38);
INSERT INTO carservice.car_model (ID, MODEL_NAME, brand_ID) VALUES (661, 'Pathfinder', 68);
INSERT INTO carservice.car_model (ID, MODEL_NAME, brand_ID) VALUES (662, 'Pathfinder Armada', 68);
INSERT INTO carservice.car_model (ID, MODEL_NAME, brand_ID) VALUES (663, 'Patriot', 44);
INSERT INTO carservice.car_model (ID, MODEL_NAME, brand_ID) VALUES (664, 'Phaeton', 93);
INSERT INTO carservice.car_model (ID, MODEL_NAME, brand_ID) VALUES (665, 'Phantom', 79);
INSERT INTO carservice.car_model (ID, MODEL_NAME, brand_ID) VALUES (666, 'Pilot', 38);
INSERT INTO carservice.car_model (ID, MODEL_NAME, brand_ID) VALUES (667, 'Precis', 64);
INSERT INTO carservice.car_model (ID, MODEL_NAME, brand_ID) VALUES (668, 'Prelude', 38);
INSERT INTO carservice.car_model (ID, MODEL_NAME, brand_ID) VALUES (669, 'Premier', 26);
INSERT INTO carservice.car_model (ID, MODEL_NAME, brand_ID) VALUES (670, 'Previa', 92);
INSERT INTO carservice.car_model (ID, MODEL_NAME, brand_ID) VALUES (671, 'Prius', 92);
INSERT INTO carservice.car_model (ID, MODEL_NAME, brand_ID) VALUES (672, 'Prius c', 92);
INSERT INTO carservice.car_model (ID, MODEL_NAME, brand_ID) VALUES (673, 'Prius Plug-in', 92);
INSERT INTO carservice.car_model (ID, MODEL_NAME, brand_ID) VALUES (674, 'Prius Plug-in Hybrid', 92);
INSERT INTO carservice.car_model (ID, MODEL_NAME, brand_ID) VALUES (675, 'Prius v', 92);
INSERT INTO carservice.car_model (ID, MODEL_NAME, brand_ID) VALUES (676, 'Prizm', 17);
INSERT INTO carservice.car_model (ID, MODEL_NAME, brand_ID) VALUES (677, 'Probe', 32);
INSERT INTO carservice.car_model (ID, MODEL_NAME, brand_ID) VALUES (678, 'Protege', 56);
INSERT INTO carservice.car_model (ID, MODEL_NAME, brand_ID) VALUES (679, 'Protege5', 56);
INSERT INTO carservice.car_model (ID, MODEL_NAME, brand_ID) VALUES (680, 'Prowler', 18);
INSERT INTO carservice.car_model (ID, MODEL_NAME, brand_ID) VALUES (681, 'PT Cruiser', 18);
INSERT INTO carservice.car_model (ID, MODEL_NAME, brand_ID) VALUES (682, 'Q', 41);
INSERT INTO carservice.car_model (ID, MODEL_NAME, brand_ID) VALUES (683, 'Q5', 5);
INSERT INTO carservice.car_model (ID, MODEL_NAME, brand_ID) VALUES (684, 'Q7', 5);
INSERT INTO carservice.car_model (ID, MODEL_NAME, brand_ID) VALUES (685, 'Quantum', 93);
INSERT INTO carservice.car_model (ID, MODEL_NAME, brand_ID) VALUES (686, 'Quattro', 5);
INSERT INTO carservice.car_model (ID, MODEL_NAME, brand_ID) VALUES (687, 'Quattroporte', 54);
INSERT INTO carservice.car_model (ID, MODEL_NAME, brand_ID) VALUES (688, 'Quest', 68);
INSERT INTO carservice.car_model (ID, MODEL_NAME, brand_ID) VALUES (689, 'QX', 41);
INSERT INTO carservice.car_model (ID, MODEL_NAME, brand_ID) VALUES (690, 'QX56', 41);
INSERT INTO carservice.car_model (ID, MODEL_NAME, brand_ID) VALUES (691, 'R-Class', 59);
INSERT INTO carservice.car_model (ID, MODEL_NAME, brand_ID) VALUES (692, 'R32', 93);
INSERT INTO carservice.car_model (ID, MODEL_NAME, brand_ID) VALUES (693, 'R8', 5);
INSERT INTO carservice.car_model (ID, MODEL_NAME, brand_ID) VALUES (694, 'Rabbit', 93);
INSERT INTO carservice.car_model (ID, MODEL_NAME, brand_ID) VALUES (695, 'Raider', 64);
INSERT INTO carservice.car_model (ID, MODEL_NAME, brand_ID) VALUES (696, 'Rainier', 15);
INSERT INTO carservice.car_model (ID, MODEL_NAME, brand_ID) VALUES (697, 'Rally Wagon 1500', 35);
INSERT INTO carservice.car_model (ID, MODEL_NAME, brand_ID) VALUES (698, 'Rally Wagon 2500', 35);
INSERT INTO carservice.car_model (ID, MODEL_NAME, brand_ID) VALUES (699, 'Rally Wagon 3500', 35);
INSERT INTO carservice.car_model (ID, MODEL_NAME, brand_ID) VALUES (700, 'Rally Wagon G2500', 35);
INSERT INTO carservice.car_model (ID, MODEL_NAME, brand_ID) VALUES (701, 'Rally Wagon G3500', 35);
INSERT INTO carservice.car_model (ID, MODEL_NAME, brand_ID) VALUES (702, 'Ram', 25);
INSERT INTO carservice.car_model (ID, MODEL_NAME, brand_ID) VALUES (703, 'Ram 1500', 25);
INSERT INTO carservice.car_model (ID, MODEL_NAME, brand_ID) VALUES (704, 'Ram 1500 Club', 25);
INSERT INTO carservice.car_model (ID, MODEL_NAME, brand_ID) VALUES (705, 'Ram 2500', 25);
INSERT INTO carservice.car_model (ID, MODEL_NAME, brand_ID) VALUES (706, 'Ram 2500 Club', 25);
INSERT INTO carservice.car_model (ID, MODEL_NAME, brand_ID) VALUES (707, 'Ram 3500', 25);
INSERT INTO carservice.car_model (ID, MODEL_NAME, brand_ID) VALUES (708, 'Ram 3500 Club', 25);
INSERT INTO carservice.car_model (ID, MODEL_NAME, brand_ID) VALUES (709, 'Ram 50', 25);
INSERT INTO carservice.car_model (ID, MODEL_NAME, brand_ID) VALUES (710, 'Ram Van 1500', 25);
INSERT INTO carservice.car_model (ID, MODEL_NAME, brand_ID) VALUES (711, 'Ram Van 2500', 25);
INSERT INTO carservice.car_model (ID, MODEL_NAME, brand_ID) VALUES (712, 'Ram Van 3500', 25);
INSERT INTO carservice.car_model (ID, MODEL_NAME, brand_ID) VALUES (713, 'Ram Van B150', 25);
INSERT INTO carservice.car_model (ID, MODEL_NAME, brand_ID) VALUES (714, 'Ram Van B250', 25);
INSERT INTO carservice.car_model (ID, MODEL_NAME, brand_ID) VALUES (715, 'Ram Van B350', 25);
INSERT INTO carservice.car_model (ID, MODEL_NAME, brand_ID) VALUES (716, 'Ram Wagon B150', 25);
INSERT INTO carservice.car_model (ID, MODEL_NAME, brand_ID) VALUES (717, 'Ram Wagon B250', 25);
INSERT INTO carservice.car_model (ID, MODEL_NAME, brand_ID) VALUES (718, 'Ram Wagon B350', 25);
INSERT INTO carservice.car_model (ID, MODEL_NAME, brand_ID) VALUES (719, 'Ramcharger', 25);
INSERT INTO carservice.car_model (ID, MODEL_NAME, brand_ID) VALUES (720, 'Range Rover', 49);
INSERT INTO carservice.car_model (ID, MODEL_NAME, brand_ID) VALUES (721, 'Range Rover Classic', 49);
INSERT INTO carservice.car_model (ID, MODEL_NAME, brand_ID) VALUES (722, 'Range Rover Evoque', 49);
INSERT INTO carservice.car_model (ID, MODEL_NAME, brand_ID) VALUES (723, 'Range Rover Sport', 49);
INSERT INTO carservice.car_model (ID, MODEL_NAME, brand_ID) VALUES (724, 'Ranger', 32);
INSERT INTO carservice.car_model (ID, MODEL_NAME, brand_ID) VALUES (725, 'Rapide', 4);
INSERT INTO carservice.car_model (ID, MODEL_NAME, brand_ID) VALUES (726, 'RAV4', 92);
INSERT INTO carservice.car_model (ID, MODEL_NAME, brand_ID) VALUES (727, 'RDX', 1);
INSERT INTO carservice.car_model (ID, MODEL_NAME, brand_ID) VALUES (728, 'Reatta', 15);
INSERT INTO carservice.car_model (ID, MODEL_NAME, brand_ID) VALUES (729, 'Regal', 15);
INSERT INTO carservice.car_model (ID, MODEL_NAME, brand_ID) VALUES (730, 'Regency', 69);
INSERT INTO carservice.car_model (ID, MODEL_NAME, brand_ID) VALUES (731, 'Relay', 81);
INSERT INTO carservice.car_model (ID, MODEL_NAME, brand_ID) VALUES (732, 'Reliant', 72);
INSERT INTO carservice.car_model (ID, MODEL_NAME, brand_ID) VALUES (733, 'Rendezvous', 15);
INSERT INTO carservice.car_model (ID, MODEL_NAME, brand_ID) VALUES (734, 'Reno', 89);
INSERT INTO carservice.car_model (ID, MODEL_NAME, brand_ID) VALUES (735, 'Reventón', 47);
INSERT INTO carservice.car_model (ID, MODEL_NAME, brand_ID) VALUES (736, 'Ridgeline', 38);
INSERT INTO carservice.car_model (ID, MODEL_NAME, brand_ID) VALUES (737, 'Rio', 46);
INSERT INTO carservice.car_model (ID, MODEL_NAME, brand_ID) VALUES (738, 'Rio5', 46);
INSERT INTO carservice.car_model (ID, MODEL_NAME, brand_ID) VALUES (739, 'riolet', 5);
INSERT INTO carservice.car_model (ID, MODEL_NAME, brand_ID) VALUES (740, 'Riviera', 15);
INSERT INTO carservice.car_model (ID, MODEL_NAME, brand_ID) VALUES (741, 'RL', 1);
INSERT INTO carservice.car_model (ID, MODEL_NAME, brand_ID) VALUES (742, 'Roadmaster', 15);
INSERT INTO carservice.car_model (ID, MODEL_NAME, brand_ID) VALUES (743, 'Roadrunner', 72);
INSERT INTO carservice.car_model (ID, MODEL_NAME, brand_ID) VALUES (744, 'Roadster', 91);
INSERT INTO carservice.car_model (ID, MODEL_NAME, brand_ID) VALUES (745, 'Rockette', 27);
INSERT INTO carservice.car_model (ID, MODEL_NAME, brand_ID) VALUES (746, 'Rocky', 23);
INSERT INTO carservice.car_model (ID, MODEL_NAME, brand_ID) VALUES (747, 'Rodeo', 42);
INSERT INTO carservice.car_model (ID, MODEL_NAME, brand_ID) VALUES (748, 'Rodeo Sport', 42);
INSERT INTO carservice.car_model (ID, MODEL_NAME, brand_ID) VALUES (749, 'Rogue', 68);
INSERT INTO carservice.car_model (ID, MODEL_NAME, brand_ID) VALUES (750, 'Rondo', 46);
INSERT INTO carservice.car_model (ID, MODEL_NAME, brand_ID) VALUES (751, 'Routan', 93);
INSERT INTO carservice.car_model (ID, MODEL_NAME, brand_ID) VALUES (752, 'RS 4', 5);
INSERT INTO carservice.car_model (ID, MODEL_NAME, brand_ID) VALUES (753, 'RS 6', 5);
INSERT INTO carservice.car_model (ID, MODEL_NAME, brand_ID) VALUES (754, 'RS4', 5);
INSERT INTO carservice.car_model (ID, MODEL_NAME, brand_ID) VALUES (755, 'RS6', 5);
INSERT INTO carservice.car_model (ID, MODEL_NAME, brand_ID) VALUES (756, 'RSX', 1);
INSERT INTO carservice.car_model (ID, MODEL_NAME, brand_ID) VALUES (757, 'RVR', 64);
INSERT INTO carservice.car_model (ID, MODEL_NAME, brand_ID) VALUES (758, 'RX', 50);
INSERT INTO carservice.car_model (ID, MODEL_NAME, brand_ID) VALUES (759, 'RX Hybrid', 50);
INSERT INTO carservice.car_model (ID, MODEL_NAME, brand_ID) VALUES (760, 'RX-7', 56);
INSERT INTO carservice.car_model (ID, MODEL_NAME, brand_ID) VALUES (761, 'RX-8', 56);
INSERT INTO carservice.car_model (ID, MODEL_NAME, brand_ID) VALUES (762, 'S-Class', 59);
INSERT INTO carservice.car_model (ID, MODEL_NAME, brand_ID) VALUES (763, 'S-Series', 81);
INSERT INTO carservice.car_model (ID, MODEL_NAME, brand_ID) VALUES (764, 'S-Type', 43);
INSERT INTO carservice.car_model (ID, MODEL_NAME, brand_ID) VALUES (765, 'S10', 17);
INSERT INTO carservice.car_model (ID, MODEL_NAME, brand_ID) VALUES (766, 'S10 Blazer', 17);
INSERT INTO carservice.car_model (ID, MODEL_NAME, brand_ID) VALUES (767, 'S2000', 38);
INSERT INTO carservice.car_model (ID, MODEL_NAME, brand_ID) VALUES (768, 'S4', 5);
INSERT INTO carservice.car_model (ID, MODEL_NAME, brand_ID) VALUES (769, 'S40', 94);
INSERT INTO carservice.car_model (ID, MODEL_NAME, brand_ID) VALUES (770, 'S5', 5);
INSERT INTO carservice.car_model (ID, MODEL_NAME, brand_ID) VALUES (771, 'S6', 5);
INSERT INTO carservice.car_model (ID, MODEL_NAME, brand_ID) VALUES (772, 'S60', 94);
INSERT INTO carservice.car_model (ID, MODEL_NAME, brand_ID) VALUES (773, 'S70', 94);
INSERT INTO carservice.car_model (ID, MODEL_NAME, brand_ID) VALUES (774, 'S8', 5);
INSERT INTO carservice.car_model (ID, MODEL_NAME, brand_ID) VALUES (775, 'S80', 94);
INSERT INTO carservice.car_model (ID, MODEL_NAME, brand_ID) VALUES (776, 'S90', 94);
INSERT INTO carservice.car_model (ID, MODEL_NAME, brand_ID) VALUES (777, 'Sable', 60);
INSERT INTO carservice.car_model (ID, MODEL_NAME, brand_ID) VALUES (778, 'Safari', 35);
INSERT INTO carservice.car_model (ID, MODEL_NAME, brand_ID) VALUES (779, 'Samurai', 89);
INSERT INTO carservice.car_model (ID, MODEL_NAME, brand_ID) VALUES (780, 'Santa Fe', 40);
INSERT INTO carservice.car_model (ID, MODEL_NAME, brand_ID) VALUES (781, 'Savana', 35);
INSERT INTO carservice.car_model (ID, MODEL_NAME, brand_ID) VALUES (782, 'Savana 1500', 35);
INSERT INTO carservice.car_model (ID, MODEL_NAME, brand_ID) VALUES (783, 'Savana 2500', 35);
INSERT INTO carservice.car_model (ID, MODEL_NAME, brand_ID) VALUES (784, 'Savana 3500', 35);
INSERT INTO carservice.car_model (ID, MODEL_NAME, brand_ID) VALUES (785, 'Savana Cargo Van', 35);
INSERT INTO carservice.car_model (ID, MODEL_NAME, brand_ID) VALUES (786, 'SC', 50);
INSERT INTO carservice.car_model (ID, MODEL_NAME, brand_ID) VALUES (787, 'Scirocco', 93);
INSERT INTO carservice.car_model (ID, MODEL_NAME, brand_ID) VALUES (788, 'Scoupe', 40);
INSERT INTO carservice.car_model (ID, MODEL_NAME, brand_ID) VALUES (789, 'Sebring', 18);
INSERT INTO carservice.car_model (ID, MODEL_NAME, brand_ID) VALUES (790, 'Sedona', 46);
INSERT INTO carservice.car_model (ID, MODEL_NAME, brand_ID) VALUES (791, 'Sentra', 68);
INSERT INTO carservice.car_model (ID, MODEL_NAME, brand_ID) VALUES (792, 'Sephia', 46);
INSERT INTO carservice.car_model (ID, MODEL_NAME, brand_ID) VALUES (793, 'Sequoia', 92);
INSERT INTO carservice.car_model (ID, MODEL_NAME, brand_ID) VALUES (794, 'Seville', 16);
INSERT INTO carservice.car_model (ID, MODEL_NAME, brand_ID) VALUES (795, 'Shadow', 25);
INSERT INTO carservice.car_model (ID, MODEL_NAME, brand_ID) VALUES (796, 'Sidekick', 89);
INSERT INTO carservice.car_model (ID, MODEL_NAME, brand_ID) VALUES (797, 'Sienna', 92);
INSERT INTO carservice.car_model (ID, MODEL_NAME, brand_ID) VALUES (798, 'Sierra', 35);
INSERT INTO carservice.car_model (ID, MODEL_NAME, brand_ID) VALUES (799, 'Sierra 1500', 35);
INSERT INTO carservice.car_model (ID, MODEL_NAME, brand_ID) VALUES (800, 'Sierra 2500', 35);
INSERT INTO carservice.car_model (ID, MODEL_NAME, brand_ID) VALUES (801, 'Sierra 2500HD', 35);
INSERT INTO carservice.car_model (ID, MODEL_NAME, brand_ID) VALUES (802, 'Sierra 3500', 35);
INSERT INTO carservice.car_model (ID, MODEL_NAME, brand_ID) VALUES (803, 'Sierra 3500HD', 35);
INSERT INTO carservice.car_model (ID, MODEL_NAME, brand_ID) VALUES (804, 'Sierra Denali', 35);
INSERT INTO carservice.car_model (ID, MODEL_NAME, brand_ID) VALUES (805, 'Sierra Hybrid', 35);
INSERT INTO carservice.car_model (ID, MODEL_NAME, brand_ID) VALUES (806, 'Sigma', 64);
INSERT INTO carservice.car_model (ID, MODEL_NAME, brand_ID) VALUES (807, 'Silhouette', 69);
INSERT INTO carservice.car_model (ID, MODEL_NAME, brand_ID) VALUES (808, 'Silverado', 17);
INSERT INTO carservice.car_model (ID, MODEL_NAME, brand_ID) VALUES (809, 'Silverado 1500', 17);
INSERT INTO carservice.car_model (ID, MODEL_NAME, brand_ID) VALUES (810, 'Silverado 2500', 17);
INSERT INTO carservice.car_model (ID, MODEL_NAME, brand_ID) VALUES (811, 'Silverado 3500', 17);
INSERT INTO carservice.car_model (ID, MODEL_NAME, brand_ID) VALUES (812, 'Silverado 3500HD', 17);
INSERT INTO carservice.car_model (ID, MODEL_NAME, brand_ID) VALUES (813, 'Silverado Hybrid', 17);
INSERT INTO carservice.car_model (ID, MODEL_NAME, brand_ID) VALUES (814, 'Sixty Special', 16);
INSERT INTO carservice.car_model (ID, MODEL_NAME, brand_ID) VALUES (815, 'SJ', 89);
INSERT INTO carservice.car_model (ID, MODEL_NAME, brand_ID) VALUES (816, 'SJ 410', 89);
INSERT INTO carservice.car_model (ID, MODEL_NAME, brand_ID) VALUES (817, 'Sky', 81);
INSERT INTO carservice.car_model (ID, MODEL_NAME, brand_ID) VALUES (818, 'Skyhawk', 15);
INSERT INTO carservice.car_model (ID, MODEL_NAME, brand_ID) VALUES (819, 'Skylark', 15);
INSERT INTO carservice.car_model (ID, MODEL_NAME, brand_ID) VALUES (820, 'SL-Class', 59);
INSERT INTO carservice.car_model (ID, MODEL_NAME, brand_ID) VALUES (821, 'SL65 AMG', 59);
INSERT INTO carservice.car_model (ID, MODEL_NAME, brand_ID) VALUES (822, 'SLK-Class', 59);
INSERT INTO carservice.car_model (ID, MODEL_NAME, brand_ID) VALUES (823, 'SLK55 AMG', 59);
INSERT INTO carservice.car_model (ID, MODEL_NAME, brand_ID) VALUES (824, 'SLR McLaren', 59);
INSERT INTO carservice.car_model (ID, MODEL_NAME, brand_ID) VALUES (825, 'SLS AMG', 59);
INSERT INTO carservice.car_model (ID, MODEL_NAME, brand_ID) VALUES (826, 'SLS-Class', 59);
INSERT INTO carservice.car_model (ID, MODEL_NAME, brand_ID) VALUES (827, 'SLX', 1);
INSERT INTO carservice.car_model (ID, MODEL_NAME, brand_ID) VALUES (828, 'SM', 20);
INSERT INTO carservice.car_model (ID, MODEL_NAME, brand_ID) VALUES (829, 'Solara', 92);
INSERT INTO carservice.car_model (ID, MODEL_NAME, brand_ID) VALUES (830, 'Solstice', 73);
INSERT INTO carservice.car_model (ID, MODEL_NAME, brand_ID) VALUES (831, 'Somerset', 15);
INSERT INTO carservice.car_model (ID, MODEL_NAME, brand_ID) VALUES (832, 'Sonata', 40);
INSERT INTO carservice.car_model (ID, MODEL_NAME, brand_ID) VALUES (833, 'Sonic', 17);
INSERT INTO carservice.car_model (ID, MODEL_NAME, brand_ID) VALUES (834, 'Sonoma', 35);
INSERT INTO carservice.car_model (ID, MODEL_NAME, brand_ID) VALUES (835, 'Sonoma Club', 35);
INSERT INTO carservice.car_model (ID, MODEL_NAME, brand_ID) VALUES (836, 'Sonoma Club Coupe', 35);
INSERT INTO carservice.car_model (ID, MODEL_NAME, brand_ID) VALUES (837, 'Sorento', 46);
INSERT INTO carservice.car_model (ID, MODEL_NAME, brand_ID) VALUES (838, 'Soul', 46);
INSERT INTO carservice.car_model (ID, MODEL_NAME, brand_ID) VALUES (839, 'Space', 42);
INSERT INTO carservice.car_model (ID, MODEL_NAME, brand_ID) VALUES (840, 'Sparrow', 21);
INSERT INTO carservice.car_model (ID, MODEL_NAME, brand_ID) VALUES (841, 'Special', 15);
INSERT INTO carservice.car_model (ID, MODEL_NAME, brand_ID) VALUES (842, 'Spectra', 46);
INSERT INTO carservice.car_model (ID, MODEL_NAME, brand_ID) VALUES (843, 'Spectra5', 46);
INSERT INTO carservice.car_model (ID, MODEL_NAME, brand_ID) VALUES (844, 'Spider', 2);
INSERT INTO carservice.car_model (ID, MODEL_NAME, brand_ID) VALUES (845, 'Spirit', 25);
INSERT INTO carservice.car_model (ID, MODEL_NAME, brand_ID) VALUES (846, 'Sportage', 46);
INSERT INTO carservice.car_model (ID, MODEL_NAME, brand_ID) VALUES (847, 'Sportvan G10', 17);
INSERT INTO carservice.car_model (ID, MODEL_NAME, brand_ID) VALUES (848, 'Sportvan G20', 17);
INSERT INTO carservice.car_model (ID, MODEL_NAME, brand_ID) VALUES (849, 'Sportvan G30', 17);
INSERT INTO carservice.car_model (ID, MODEL_NAME, brand_ID) VALUES (850, 'Sprinter', 25);
INSERT INTO carservice.car_model (ID, MODEL_NAME, brand_ID) VALUES (851, 'Sprinter 2500', 59);
INSERT INTO carservice.car_model (ID, MODEL_NAME, brand_ID) VALUES (852, 'Sprinter 3500', 59);
INSERT INTO carservice.car_model (ID, MODEL_NAME, brand_ID) VALUES (853, 'Spyder', 54);
INSERT INTO carservice.car_model (ID, MODEL_NAME, brand_ID) VALUES (854, 'SRX', 16);
INSERT INTO carservice.car_model (ID, MODEL_NAME, brand_ID) VALUES (855, 'SSR', 17);
INSERT INTO carservice.car_model (ID, MODEL_NAME, brand_ID) VALUES (856, 'Stanza', 68);
INSERT INTO carservice.car_model (ID, MODEL_NAME, brand_ID) VALUES (857, 'Starion', 64);
INSERT INTO carservice.car_model (ID, MODEL_NAME, brand_ID) VALUES (858, 'Stealth', 25);
INSERT INTO carservice.car_model (ID, MODEL_NAME, brand_ID) VALUES (859, 'Sterling', 49);
INSERT INTO carservice.car_model (ID, MODEL_NAME, brand_ID) VALUES (860, 'Storm', 34);
INSERT INTO carservice.car_model (ID, MODEL_NAME, brand_ID) VALUES (861, 'Stratus', 25);
INSERT INTO carservice.car_model (ID, MODEL_NAME, brand_ID) VALUES (862, 'STS', 16);
INSERT INTO carservice.car_model (ID, MODEL_NAME, brand_ID) VALUES (863, 'STS-V', 16);
INSERT INTO carservice.car_model (ID, MODEL_NAME, brand_ID) VALUES (864, 'Stylus', 42);
INSERT INTO carservice.car_model (ID, MODEL_NAME, brand_ID) VALUES (865, 'Suburban', 17);
INSERT INTO carservice.car_model (ID, MODEL_NAME, brand_ID) VALUES (866, 'Suburban 1500', 17);
INSERT INTO carservice.car_model (ID, MODEL_NAME, brand_ID) VALUES (867, 'Suburban 2500', 17);
INSERT INTO carservice.car_model (ID, MODEL_NAME, brand_ID) VALUES (868, 'Summit', 26);
INSERT INTO carservice.car_model (ID, MODEL_NAME, brand_ID) VALUES (869, 'Sunbird', 73);
INSERT INTO carservice.car_model (ID, MODEL_NAME, brand_ID) VALUES (870, 'Sundance', 72);
INSERT INTO carservice.car_model (ID, MODEL_NAME, brand_ID) VALUES (871, 'Sunfire', 73);
INSERT INTO carservice.car_model (ID, MODEL_NAME, brand_ID) VALUES (872, 'Supra', 92);
INSERT INTO carservice.car_model (ID, MODEL_NAME, brand_ID) VALUES (873, 'SVX', 88);
INSERT INTO carservice.car_model (ID, MODEL_NAME, brand_ID) VALUES (874, 'Swift', 89);
INSERT INTO carservice.car_model (ID, MODEL_NAME, brand_ID) VALUES (875, 'SX4', 89);
INSERT INTO carservice.car_model (ID, MODEL_NAME, brand_ID) VALUES (876, 'T100', 92);
INSERT INTO carservice.car_model (ID, MODEL_NAME, brand_ID) VALUES (877, 'T100 Xtra', 92);
INSERT INTO carservice.car_model (ID, MODEL_NAME, brand_ID) VALUES (878, 'Tacoma', 92);
INSERT INTO carservice.car_model (ID, MODEL_NAME, brand_ID) VALUES (879, 'Tacoma Xtra', 92);
INSERT INTO carservice.car_model (ID, MODEL_NAME, brand_ID) VALUES (880, 'Tahoe', 17);
INSERT INTO carservice.car_model (ID, MODEL_NAME, brand_ID) VALUES (881, 'Talon', 26);
INSERT INTO carservice.car_model (ID, MODEL_NAME, brand_ID) VALUES (882, 'Taurus', 32);
INSERT INTO carservice.car_model (ID, MODEL_NAME, brand_ID) VALUES (883, 'Taurus X', 32);
INSERT INTO carservice.car_model (ID, MODEL_NAME, brand_ID) VALUES (884, 'tC', 82);
INSERT INTO carservice.car_model (ID, MODEL_NAME, brand_ID) VALUES (885, 'Tempest', 73);
INSERT INTO carservice.car_model (ID, MODEL_NAME, brand_ID) VALUES (886, 'Tempo', 32);
INSERT INTO carservice.car_model (ID, MODEL_NAME, brand_ID) VALUES (887, 'Tercel', 92);
INSERT INTO carservice.car_model (ID, MODEL_NAME, brand_ID) VALUES (888, 'Terrain', 35);
INSERT INTO carservice.car_model (ID, MODEL_NAME, brand_ID) VALUES (889, 'Terraza', 15);
INSERT INTO carservice.car_model (ID, MODEL_NAME, brand_ID) VALUES (890, 'Th!nk', 32);
INSERT INTO carservice.car_model (ID, MODEL_NAME, brand_ID) VALUES (891, 'Thunderbird', 32);
INSERT INTO carservice.car_model (ID, MODEL_NAME, brand_ID) VALUES (892, 'Tiburon', 40);
INSERT INTO carservice.car_model (ID, MODEL_NAME, brand_ID) VALUES (893, 'Tiguan', 93);
INSERT INTO carservice.car_model (ID, MODEL_NAME, brand_ID) VALUES (894, 'Titan', 68);
INSERT INTO carservice.car_model (ID, MODEL_NAME, brand_ID) VALUES (895, 'TL', 1);
INSERT INTO carservice.car_model (ID, MODEL_NAME, brand_ID) VALUES (896, 'Topaz', 60);
INSERT INTO carservice.car_model (ID, MODEL_NAME, brand_ID) VALUES (897, 'Torino', 32);
INSERT INTO carservice.car_model (ID, MODEL_NAME, brand_ID) VALUES (898, 'Toronado', 69);
INSERT INTO carservice.car_model (ID, MODEL_NAME, brand_ID) VALUES (899, 'Torrent', 73);
INSERT INTO carservice.car_model (ID, MODEL_NAME, brand_ID) VALUES (900, 'Touareg', 93);
INSERT INTO carservice.car_model (ID, MODEL_NAME, brand_ID) VALUES (901, 'Touareg 2', 93);
INSERT INTO carservice.car_model (ID, MODEL_NAME, brand_ID) VALUES (902, 'Town & Country', 18);
INSERT INTO carservice.car_model (ID, MODEL_NAME, brand_ID) VALUES (903, 'Town Car', 51);
INSERT INTO carservice.car_model (ID, MODEL_NAME, brand_ID) VALUES (904, 'Tracer', 60);
INSERT INTO carservice.car_model (ID, MODEL_NAME, brand_ID) VALUES (905, 'Tracker', 17);
INSERT INTO carservice.car_model (ID, MODEL_NAME, brand_ID) VALUES (906, 'Trailblazer', 17);
INSERT INTO carservice.car_model (ID, MODEL_NAME, brand_ID) VALUES (907, 'Trans Sport', 73);
INSERT INTO carservice.car_model (ID, MODEL_NAME, brand_ID) VALUES (908, 'Transit Connect', 32);
INSERT INTO carservice.car_model (ID, MODEL_NAME, brand_ID) VALUES (909, 'Traverse', 17);
INSERT INTO carservice.car_model (ID, MODEL_NAME, brand_ID) VALUES (910, 'Tredia', 64);
INSERT INTO carservice.car_model (ID, MODEL_NAME, brand_ID) VALUES (911, 'Tribeca', 88);
INSERT INTO carservice.car_model (ID, MODEL_NAME, brand_ID) VALUES (912, 'Tribute', 56);
INSERT INTO carservice.car_model (ID, MODEL_NAME, brand_ID) VALUES (913, 'Trooper', 42);
INSERT INTO carservice.car_model (ID, MODEL_NAME, brand_ID) VALUES (914, 'Truck', 64);
INSERT INTO carservice.car_model (ID, MODEL_NAME, brand_ID) VALUES (915, 'Truck Xtracab SR5', 92);
INSERT INTO carservice.car_model (ID, MODEL_NAME, brand_ID) VALUES (916, 'TSX', 1);
INSERT INTO carservice.car_model (ID, MODEL_NAME, brand_ID) VALUES (917, 'TT', 5);
INSERT INTO carservice.car_model (ID, MODEL_NAME, brand_ID) VALUES (918, 'Tucson', 40);
INSERT INTO carservice.car_model (ID, MODEL_NAME, brand_ID) VALUES (919, 'Tundra', 64);
INSERT INTO carservice.car_model (ID, MODEL_NAME, brand_ID) VALUES (920, 'TundraMax', 92);
INSERT INTO carservice.car_model (ID, MODEL_NAME, brand_ID) VALUES (921, 'Turbo Firefly', 73);
INSERT INTO carservice.car_model (ID, MODEL_NAME, brand_ID) VALUES (922, 'Typ-1', 3);
INSERT INTO carservice.car_model (ID, MODEL_NAME, brand_ID) VALUES (923, 'Type 2', 93);
INSERT INTO carservice.car_model (ID, MODEL_NAME, brand_ID) VALUES (924, 'Type-1h', 3);
INSERT INTO carservice.car_model (ID, MODEL_NAME, brand_ID) VALUES (925, 'Uplander', 17);
INSERT INTO carservice.car_model (ID, MODEL_NAME, brand_ID) VALUES (926, 'V12 Vantage', 4);
INSERT INTO carservice.car_model (ID, MODEL_NAME, brand_ID) VALUES (927, 'V40', 94);
INSERT INTO carservice.car_model (ID, MODEL_NAME, brand_ID) VALUES (928, 'V50', 94);
INSERT INTO carservice.car_model (ID, MODEL_NAME, brand_ID) VALUES (929, 'V70', 94);
INSERT INTO carservice.car_model (ID, MODEL_NAME, brand_ID) VALUES (930, 'V8', 5);
INSERT INTO carservice.car_model (ID, MODEL_NAME, brand_ID) VALUES (931, 'V8 Vantage', 4);
INSERT INTO carservice.car_model (ID, MODEL_NAME, brand_ID) VALUES (932, 'V8 Vantage S', 4);
INSERT INTO carservice.car_model (ID, MODEL_NAME, brand_ID) VALUES (933, 'V90', 94);
INSERT INTO carservice.car_model (ID, MODEL_NAME, brand_ID) VALUES (934, 'Vanagon', 93);
INSERT INTO carservice.car_model (ID, MODEL_NAME, brand_ID) VALUES (935, 'Vandura 1500', 35);
INSERT INTO carservice.car_model (ID, MODEL_NAME, brand_ID) VALUES (936, 'Vandura 2500', 35);
INSERT INTO carservice.car_model (ID, MODEL_NAME, brand_ID) VALUES (937, 'Vandura 3500', 35);
INSERT INTO carservice.car_model (ID, MODEL_NAME, brand_ID) VALUES (938, 'Vandura G1500', 35);
INSERT INTO carservice.car_model (ID, MODEL_NAME, brand_ID) VALUES (939, 'Vandura G2500', 35);
INSERT INTO carservice.car_model (ID, MODEL_NAME, brand_ID) VALUES (940, 'Vandura G3500', 35);
INSERT INTO carservice.car_model (ID, MODEL_NAME, brand_ID) VALUES (941, 'Vanquish S', 4);
INSERT INTO carservice.car_model (ID, MODEL_NAME, brand_ID) VALUES (942, 'Vantage', 4);
INSERT INTO carservice.car_model (ID, MODEL_NAME, brand_ID) VALUES (943, 'Vega', 17);
INSERT INTO carservice.car_model (ID, MODEL_NAME, brand_ID) VALUES (944, 'VehiCROSS', 42);
INSERT INTO carservice.car_model (ID, MODEL_NAME, brand_ID) VALUES (945, 'Veloster', 40);
INSERT INTO carservice.car_model (ID, MODEL_NAME, brand_ID) VALUES (946, 'Venture', 17);
INSERT INTO carservice.car_model (ID, MODEL_NAME, brand_ID) VALUES (947, 'Venza', 92);
INSERT INTO carservice.car_model (ID, MODEL_NAME, brand_ID) VALUES (948, 'Veracruz', 40);
INSERT INTO carservice.car_model (ID, MODEL_NAME, brand_ID) VALUES (949, 'Verano', 15);
INSERT INTO carservice.car_model (ID, MODEL_NAME, brand_ID) VALUES (950, 'Verona', 89);
INSERT INTO carservice.car_model (ID, MODEL_NAME, brand_ID) VALUES (951, 'Versa', 68);
INSERT INTO carservice.car_model (ID, MODEL_NAME, brand_ID) VALUES (952, 'Veyron', 14);
INSERT INTO carservice.car_model (ID, MODEL_NAME, brand_ID) VALUES (953, 'Vibe', 73);
INSERT INTO carservice.car_model (ID, MODEL_NAME, brand_ID) VALUES (954, 'Vigor', 1);
INSERT INTO carservice.car_model (ID, MODEL_NAME, brand_ID) VALUES (955, 'Villager', 60);
INSERT INTO carservice.car_model (ID, MODEL_NAME, brand_ID) VALUES (956, 'Viper', 25);
INSERT INTO carservice.car_model (ID, MODEL_NAME, brand_ID) VALUES (957, 'Viper RT/10', 25);
INSERT INTO carservice.car_model (ID, MODEL_NAME, brand_ID) VALUES (958, 'Virage', 4);
INSERT INTO carservice.car_model (ID, MODEL_NAME, brand_ID) VALUES (959, 'Vision', 26);
INSERT INTO carservice.car_model (ID, MODEL_NAME, brand_ID) VALUES (960, 'Vitara', 89);
INSERT INTO carservice.car_model (ID, MODEL_NAME, brand_ID) VALUES (961, 'Volare', 72);
INSERT INTO carservice.car_model (ID, MODEL_NAME, brand_ID) VALUES (962, 'Volt', 17);
INSERT INTO carservice.car_model (ID, MODEL_NAME, brand_ID) VALUES (963, 'Voyager', 18);
INSERT INTO carservice.car_model (ID, MODEL_NAME, brand_ID) VALUES (964, 'VS Commodore', 37);
INSERT INTO carservice.car_model (ID, MODEL_NAME, brand_ID) VALUES (965, 'VUE', 81);
INSERT INTO carservice.car_model (ID, MODEL_NAME, brand_ID) VALUES (966, 'W123', 59);
INSERT INTO carservice.car_model (ID, MODEL_NAME, brand_ID) VALUES (967, 'W126', 59);
INSERT INTO carservice.car_model (ID, MODEL_NAME, brand_ID) VALUES (968, 'W201', 59);
INSERT INTO carservice.car_model (ID, MODEL_NAME, brand_ID) VALUES (969, 'Windstar', 32);
INSERT INTO carservice.car_model (ID, MODEL_NAME, brand_ID) VALUES (970, 'Wrangler', 44);
INSERT INTO carservice.car_model (ID, MODEL_NAME, brand_ID) VALUES (971, 'X-90', 89);
INSERT INTO carservice.car_model (ID, MODEL_NAME, brand_ID) VALUES (972, 'X-Type', 43);
INSERT INTO carservice.car_model (ID, MODEL_NAME, brand_ID) VALUES (973, 'X3', 8);
INSERT INTO carservice.car_model (ID, MODEL_NAME, brand_ID) VALUES (974, 'X5', 8);
INSERT INTO carservice.car_model (ID, MODEL_NAME, brand_ID) VALUES (975, 'X5 M', 8);
INSERT INTO carservice.car_model (ID, MODEL_NAME, brand_ID) VALUES (976, 'X6', 8);
INSERT INTO carservice.car_model (ID, MODEL_NAME, brand_ID) VALUES (977, 'X6 M', 8);
INSERT INTO carservice.car_model (ID, MODEL_NAME, brand_ID) VALUES (978, 'xA', 82);
INSERT INTO carservice.car_model (ID, MODEL_NAME, brand_ID) VALUES (979, 'xB', 82);
INSERT INTO carservice.car_model (ID, MODEL_NAME, brand_ID) VALUES (980, 'XC60', 94);
INSERT INTO carservice.car_model (ID, MODEL_NAME, brand_ID) VALUES (981, 'XC70', 94);
INSERT INTO carservice.car_model (ID, MODEL_NAME, brand_ID) VALUES (982, 'XC90', 94);
INSERT INTO carservice.car_model (ID, MODEL_NAME, brand_ID) VALUES (983, 'xD', 82);
INSERT INTO carservice.car_model (ID, MODEL_NAME, brand_ID) VALUES (984, 'XF', 43);
INSERT INTO carservice.car_model (ID, MODEL_NAME, brand_ID) VALUES (985, 'XG300', 40);
INSERT INTO carservice.car_model (ID, MODEL_NAME, brand_ID) VALUES (986, 'XG350', 40);
INSERT INTO carservice.car_model (ID, MODEL_NAME, brand_ID) VALUES (987, 'XJ', 43);
INSERT INTO carservice.car_model (ID, MODEL_NAME, brand_ID) VALUES (988, 'XJ Series', 43);
INSERT INTO carservice.car_model (ID, MODEL_NAME, brand_ID) VALUES (989, 'XK', 43);
INSERT INTO carservice.car_model (ID, MODEL_NAME, brand_ID) VALUES (990, 'XK Series', 43);
INSERT INTO carservice.car_model (ID, MODEL_NAME, brand_ID) VALUES (991, 'XL-7', 89);
INSERT INTO carservice.car_model (ID, MODEL_NAME, brand_ID) VALUES (992, 'XL7', 89);
INSERT INTO carservice.car_model (ID, MODEL_NAME, brand_ID) VALUES (993, 'XLR', 16);
INSERT INTO carservice.car_model (ID, MODEL_NAME, brand_ID) VALUES (994, 'XLR-V', 16);
INSERT INTO carservice.car_model (ID, MODEL_NAME, brand_ID) VALUES (995, 'XR4Ti', 61);
INSERT INTO carservice.car_model (ID, MODEL_NAME, brand_ID) VALUES (996, 'XT', 88);
INSERT INTO carservice.car_model (ID, MODEL_NAME, brand_ID) VALUES (997, 'Xterra', 68);
INSERT INTO carservice.car_model (ID, MODEL_NAME, brand_ID) VALUES (998, 'Xtra', 92);
INSERT INTO carservice.car_model (ID, MODEL_NAME, brand_ID) VALUES (999, 'Yaris', 92);
INSERT INTO carservice.car_model (ID, MODEL_NAME, brand_ID) VALUES (1000, 'Yukon', 35);
INSERT INTO carservice.car_model (ID, MODEL_NAME, brand_ID) VALUES (1001, 'Yukon Denali', 35);
INSERT INTO carservice.car_model (ID, MODEL_NAME, brand_ID) VALUES (1002, 'Yukon XL', 35);
INSERT INTO carservice.car_model (ID, MODEL_NAME, brand_ID) VALUES (1003, 'Yukon XL 1500', 35);
INSERT INTO carservice.car_model (ID, MODEL_NAME, brand_ID) VALUES (1004, 'Yukon XL 2500', 35);
INSERT INTO carservice.car_model (ID, MODEL_NAME, brand_ID) VALUES (1005, 'Z3', 8);
INSERT INTO carservice.car_model (ID, MODEL_NAME, brand_ID) VALUES (1006, 'Z4', 8);
INSERT INTO carservice.car_model (ID, MODEL_NAME, brand_ID) VALUES (1007, 'Z4 M', 8);
INSERT INTO carservice.car_model (ID, MODEL_NAME, brand_ID) VALUES (1008, 'Z4 M Roadster', 8);
INSERT INTO carservice.car_model (ID, MODEL_NAME, brand_ID) VALUES (1009, 'Z8', 8);
INSERT INTO carservice.car_model (ID, MODEL_NAME, brand_ID) VALUES (1010, 'ZDX', 1);
INSERT INTO carservice.car_model (ID, MODEL_NAME, brand_ID) VALUES (1011, 'Zephyr', 51);
INSERT INTO carservice.car_model (ID, MODEL_NAME, brand_ID) VALUES (1012, 'ZX2', 32);
#BODY_TYPE
INSERT INTO carservice.body_type (ID, TYPE_NAME) VALUES (1, 'Автобус');
INSERT INTO carservice.body_type (ID, TYPE_NAME) VALUES (2, 'Вседорожник');
INSERT INTO carservice.body_type (ID, TYPE_NAME) VALUES (3, 'Грузовик');
INSERT INTO carservice.body_type (ID, TYPE_NAME) VALUES (4, 'Кабриолет');
INSERT INTO carservice.body_type (ID, TYPE_NAME) VALUES (5, 'Купе');
INSERT INTO carservice.body_type (ID, TYPE_NAME) VALUES (6, 'Микроавтобус');
INSERT INTO carservice.body_type (ID, TYPE_NAME) VALUES (7, 'Минивэн');
INSERT INTO carservice.body_type (ID, TYPE_NAME) VALUES (8, 'Мотоцкл');
INSERT INTO carservice.body_type (ID, TYPE_NAME) VALUES (9, 'Пикап');
INSERT INTO carservice.body_type (ID, TYPE_NAME) VALUES (10, 'Полуприцеп');
INSERT INTO carservice.body_type (ID, TYPE_NAME) VALUES (11, 'Прицеп');
INSERT INTO carservice.body_type (ID, TYPE_NAME) VALUES (12, 'Родстер');
INSERT INTO carservice.body_type (ID, TYPE_NAME) VALUES (13, 'Седан');
INSERT INTO carservice.body_type (ID, TYPE_NAME) VALUES (14, 'Седельный тягач');
INSERT INTO carservice.body_type (ID, TYPE_NAME) VALUES (15, 'Скутер');
INSERT INTO carservice.body_type (ID, TYPE_NAME) VALUES (16, 'Стреч');
INSERT INTO carservice.body_type (ID, TYPE_NAME) VALUES (17, 'Универсал');
INSERT INTO carservice.body_type (ID, TYPE_NAME) VALUES (18, 'Хэтчбек');

